kund_id,alder,region,abonnemang,manader_som_kund,manadskostnad,data_gb_per_manad,supportarenden_12m,avslutat
100001,75,Väst,Bas,103,123.77,8.1,2,0
100002,30,Norr,Standard,85,303.7,4.4,0,0
100003,19,Väst,Bas,1,146.97,10.1,2,1
100004,61,Stockholm,Bas,89,145.42,10.0,0,0
100005,42,Väst,Standard,54,312.57,7.0,0,0
100006,49,Mitt,Bas,95,143.04,11.8,1,0
100007,23,Syd,Premium,32,505.8,30.5,1,1
100008,43,Mitt,Bas,12,166.74,3.9,1,0
100009,61,Väst,Bas,54,133.37,7.1,1,0
100010,42,Norr,Bas,16,148.92,18.9,0,1
100011,74,Väst,Standard,93,278.52,16.2,0,0
100012,71,Stockholm,Standard,55,295.01,4.3,1,0
100013,65,Stockholm,Bas,109,170.68,24.6,1,0
100014,79,Syd,Bas,17,162.53,26.7,3,0
100015,67,Stockholm,Standard,46,257.46,30.7,1,0
100016,30,Stockholm,Bas,19,128.01,13.7,1,0
100017,76,Väst,Standard,10,310.0,2.1,1,0
100018,62,Norr,Standard,24,233.69,35.9,1,1
100019,24,Väst,Standard,2,289.37,5.7,0,0
100020,38,Syd,Standard,25,272.3,10.5,0,0
100021,29,Stockholm,Standard,68,298.83,15.5,1,0
100022,83,Väst,Standard,53,245.15,23.0,3,0
100023,67,Mitt,Bas,3,140.01,18.7,0,0
100024,80,Stockholm,Premium,20,496.3,22.6,1,0
100025,37,Mitt,Bas,4,104.36,9.5,4,1
100026,61,Mitt,Premium,84,511.06,44.0,0,0
100027,59,Väst,Bas,32,157.45,22.3,0,0
100028,69,Norr,Premium,99,516.23,23.6,2,0
100029,26,Syd,Premium,37,472.24,19.0,0,0
100030,53,Väst,Standard,80,305.83,3.8,1,0
100031,61,Stockholm,Premium,81,496.08,12.0,0,0
100032,74,Väst,Premium,95,518.82,23.2,3,0
100033,62,Norr,Bas,68,164.55,7.1,0,0
100034,48,Väst,Bas,41,135.0,34.0,0,0
100035,49,Väst,Premium,8,501.38,21.4,4,1
100036,41,Väst,Standard,5,314.24,20.1,0,0
100037,28,Mitt,Premium,61,495.11,15.7,2,1
100038,36,Mitt,Bas,102,168.22,12.2,1,0
100039,27,Väst,Standard,26,308.11,1.2,1,0
100040,33,Stockholm,Standard,100,304.12,11.6,0,0
100041,76,Syd,Standard,42,285.32,5.9,3,0
100042,53,Stockholm,Premium,116,478.61,10.1,0,0
100043,24,Stockholm,Premium,62,449.36,51.1,2,0
100044,47,Väst,Premium,11,449.99,41.6,2,0
100045,36,Syd,Standard,79,264.97,32.9,0,0
100046,63,Stockholm,Bas,108,150.55,3.6,0,0
100047,74,Stockholm,Standard,37,279.83,19.0,0,0
100048,18,Norr,Bas,0,140.43,4.2,0,0
100049,49,Syd,Standard,96,303.4,8.9,1,1
100050,48,Syd,Bas,66,99.0,8.6,2,0
100051,85,Norr,Bas,93,143.02,21.5,1,0
100052,42,Stockholm,Premium,16,547.27,40.3,1,0
100053,29,Syd,Standard,110,295.43,6.7,2,0
100054,31,Stockholm,Premium,14,477.6,27.0,0,1
100055,50,Stockholm,Standard,37,286.14,23.5,0,0
100056,58,Stockholm,Standard,82,268.65,2.9,5,0
100057,40,Väst,Bas,41,154.84,15.4,1,0
100058,47,Väst,Standard,110,349.77,5.5,3,0
100059,63,Mitt,Bas,38,197.73,16.1,1,0
100060,38,Stockholm,Premium,32,451.77,43.7,0,1
100061,83,Väst,Premium,96,486.0,15.8,1,0
100062,32,Väst,Standard,81,317.17,5.8,0,0
100063,81,Väst,Standard,34,285.3,3.9,1,0
100064,77,Väst,Bas,7,199.14,12.0,1,1
100065,83,Väst,Standard,49,273.27,7.3,1,0
100066,72,Väst,Standard,41,317.45,15.8,1,0
100067,53,Stockholm,Bas,105,140.7,4.4,0,0
100068,59,Norr,Standard,108,279.0,7.1,3,0
100069,32,Norr,Premium,65,447.25,31.6,1,0
100070,41,Stockholm,Standard,116,302.02,4.8,3,0
100071,49,Norr,Bas,39,169.96,9.3,1,1
100072,82,Väst,Bas,73,165.02,3.8,0,0
100073,72,Mitt,Bas,35,168.0,3.1,1,0
100074,56,Väst,Bas,6,153.02,11.8,2,0
100075,58,Stockholm,Premium,11,504.95,19.5,2,1
100076,47,Mitt,Standard,1,330.26,11.5,2,1
100077,46,Stockholm,Standard,11,249.9,24.0,1,1
100078,79,Norr,Bas,119,175.57,24.4,3,0
100079,18,Mitt,Standard,0,299.49,8.5,1,0
100080,39,Mitt,Bas,105,115.44,8.2,5,0
100081,45,Syd,Bas,107,155.68,5.7,3,0
100082,65,Stockholm,Standard,63,251.92,9.4,0,0
100083,46,Stockholm,Premium,62,516.13,24.1,1,1
100084,39,Norr,Bas,83,143.26,8.6,2,0
100085,23,Norr,Standard,15,276.15,12.6,2,0
100086,35,Väst,Standard,34,340.29,15.8,2,1
100087,25,Stockholm,Standard,0,249.01,2.7,0,1
100088,65,Stockholm,Premium,20,536.9,24.3,1,1
100089,47,Mitt,Bas,66,171.51,16.3,1,0
100090,33,Väst,Standard,36,267.55,5.7,2,1
100091,54,Syd,Premium,99,491.35,22.2,0,0
100092,51,Stockholm,Standard,97,267.45,6.4,1,0
100093,50,Stockholm,Bas,47,119.61,7.8,2,0
100094,57,Stockholm,Bas,85,209.16,24.5,4,0
100095,60,Mitt,Standard,98,275.82,22.9,0,0
100096,30,Stockholm,Standard,93,301.3,9.3,1,0
100097,28,Väst,Standard,113,321.65,21.7,2,0
100098,67,Norr,Bas,25,140.07,27.1,2,0
100099,84,Väst,Bas,71,130.83,1.7,1,0
100100,55,Norr,Bas,56,152.08,0.9,0,0
100101,48,Stockholm,Standard,0,297.78,25.2,1,1
100102,60,Väst,Premium,86,473.34,6.2,1,0
100103,20,Stockholm,Premium,2,500.6,37.3,0,1
100104,43,Syd,Bas,22,121.83,3.4,1,0
100105,42,Väst,Premium,89,488.68,33.2,3,0
100106,46,Väst,Standard,111,303.22,19.8,2,0
100107,68,Stockholm,Bas,87,175.18,16.1,0,0
100108,51,Mitt,Standard,105,284.05,15.9,2,0
100109,76,Stockholm,Bas,61,115.69,4.6,0,0
100110,49,Mitt,Bas,58,145.71,24.6,2,0
100111,20,Syd,Premium,7,508.7,15.5,2,0
100112,63,Syd,Standard,8,321.91,4.6,2,0
100113,72,Stockholm,Premium,20,497.38,24.6,1,1
100114,57,Väst,Standard,26,271.97,13.4,1,0
100115,81,Väst,Premium,104,471.11,24.6,2,0
100116,46,Stockholm,Standard,0,263.63,1.4,0,0
100117,72,Mitt,Standard,50,297.87,6.9,0,1
100118,18,Stockholm,Premium,0,470.83,33.3,2,1
100119,20,Stockholm,Premium,22,485.72,19.2,2,1
100120,71,Väst,Bas,13,168.71,13.4,3,0
100121,77,Väst,Standard,89,285.95,15.3,1,0
100122,53,Norr,Standard,104,298.96,26.0,0,0
100123,69,Syd,Standard,22,301.12,15.8,0,1
100124,40,Mitt,Bas,30,122.73,2.9,1,0
100125,67,Mitt,Premium,82,483.26,16.0,2,0
100126,51,Norr,Standard,90,312.34,9.6,3,0
100127,38,Stockholm,Bas,105,117.81,4.7,2,0
100128,24,Syd,Standard,29,329.33,1.4,1,0
100129,29,Väst,Premium,5,511.78,20.9,2,1
100130,79,Stockholm,Bas,117,165.87,16.0,0,0
100131,48,Syd,Standard,31,286.85,1.5,3,0
100132,85,Syd,Bas,92,127.29,35.9,0,0
100133,41,Stockholm,Standard,110,311.42,12.2,1,0
100134,21,Väst,Standard,20,350.75,8.1,0,0
100135,35,Syd,Bas,62,168.74,11.1,1,0
100136,42,Norr,Bas,28,131.24,4.9,0,0
100137,65,Stockholm,Bas,7,101.33,1.4,0,0
100138,67,Väst,Bas,13,139.52,19.5,0,0
100139,68,Stockholm,Standard,86,285.11,8.1,2,0
100140,39,Stockholm,Standard,23,269.08,1.0,1,1
100141,43,Stockholm,Standard,59,280.79,7.2,2,0
100142,56,Syd,Standard,62,330.82,9.2,0,0
100143,59,Syd,Standard,111,279.39,6.4,0,0
100144,46,Mitt,Standard,64,303.33,5.3,1,0
100145,30,Väst,Standard,73,325.22,23.2,1,0
100146,70,Väst,Standard,97,321.54,8.4,1,0
100147,53,Stockholm,Standard,36,317.49,18.9,2,0
100148,83,Stockholm,Standard,82,271.9,4.9,0,0
100149,82,Stockholm,Bas,11,161.03,13.7,0,0
100150,78,Väst,Premium,8,443.3,8.4,0,0
100151,83,Stockholm,Premium,116,465.74,11.8,1,0
100152,60,Väst,Bas,37,163.52,3.0,1,0
100153,38,Väst,Standard,54,318.97,7.6,1,0
100154,28,Syd,Bas,18,170.53,9.4,1,0
100155,25,Väst,Standard,25,302.64,15.1,2,1
100156,82,Norr,Premium,108,515.09,7.6,2,0
100157,36,Mitt,Standard,111,288.52,18.1,3,0
100158,19,Stockholm,Standard,8,268.11,25.2,1,0
100159,20,Norr,Bas,5,153.84,27.7,4,0
100160,38,Stockholm,Premium,114,531.32,33.0,0,0
100161,84,Stockholm,Standard,93,340.89,7.0,2,0
100162,37,Mitt,Standard,11,312.37,14.2,0,0
100163,24,Norr,Standard,49,262.91,8.1,3,0
100164,63,Norr,Standard,49,302.05,12.6,0,0
100165,22,Mitt,Bas,1,144.78,7.4,1,1
100166,51,Syd,Bas,29,131.49,8.8,0,0
100167,23,Stockholm,Standard,33,302.62,3.4,0,1
100168,24,Syd,Bas,41,127.98,12.7,1,0
100169,42,Norr,Standard,115,291.03,9.2,0,0
100170,18,Väst,Standard,0,320.45,12.8,1,1
100171,75,Stockholm,Bas,41,118.07,3.6,1,0
100172,59,Väst,Bas,106,169.08,3.9,0,0
100173,81,Väst,Standard,61,285.46,5.9,1,0
100174,51,Stockholm,Standard,65,304.46,23.6,2,0
100175,55,Väst,Standard,23,343.09,14.6,0,0
100176,58,Mitt,Premium,94,482.15,54.6,0,0
100177,49,Väst,Standard,93,293.28,2.2,0,0
100178,56,Stockholm,Bas,66,170.28,11.9,1,0
100179,56,Norr,Bas,44,162.57,11.7,1,0
100180,78,Stockholm,Standard,69,359.14,14.3,0,0
100181,38,Mitt,Standard,98,319.41,4.2,2,0
100182,80,Väst,Bas,81,149.83,8.8,3,1
100183,29,Stockholm,Bas,107,125.82,6.3,0,0
100184,30,Stockholm,Bas,52,155.74,2.0,0,0
100185,35,Väst,Premium,78,553.42,85.5,2,1
100186,82,Stockholm,Standard,68,308.49,9.7,0,0
100187,34,Syd,Premium,78,468.32,7.4,1,0
100188,71,Väst,Standard,59,291.72,6.3,3,0
100189,57,Väst,Premium,66,482.95,60.3,1,0
100190,61,Mitt,Premium,49,505.67,24.9,1,0
100191,23,Stockholm,Standard,32,292.59,1.0,1,0
100192,62,Stockholm,Bas,33,132.91,8.6,2,0
100193,22,Väst,Bas,44,122.29,1.7,2,0
100194,55,Norr,Standard,39,291.97,5.9,0,0
100195,71,Mitt,Premium,104,509.89,23.3,0,0
100196,80,Väst,Bas,98,174.03,20.3,0,0
100197,85,Stockholm,Standard,85,286.14,3.3,0,0
100198,33,Stockholm,Bas,74,177.26,15.4,2,0
100199,70,Mitt,Standard,95,247.05,11.6,2,0
100200,58,Norr,Bas,88,189.56,18.7,1,0
100201,67,Stockholm,Bas,64,106.73,7.2,1,0
100202,73,Stockholm,Premium,3,481.15,6.0,4,0
100203,50,Syd,Standard,54,294.29,13.0,2,1
100204,27,Väst,Standard,36,283.32,3.3,3,0
100205,71,Mitt,Standard,116,348.75,6.4,0,0
100206,59,Väst,Premium,42,482.69,9.4,1,0
100207,27,Norr,Bas,72,197.09,1.6,2,0
100208,45,Väst,Bas,31,99.0,1.8,1,1
100209,27,Stockholm,Bas,105,99.0,14.2,0,0
100210,70,Väst,Bas,117,150.51,7.6,0,0
100211,40,Syd,Standard,68,268.16,10.9,0,0
100212,22,Syd,Premium,48,458.13,37.7,0,0
100213,37,Stockholm,Standard,46,287.63,14.7,1,0
100214,59,Norr,Bas,2,133.61,30.6,3,0
100215,58,Norr,Bas,111,129.77,10.9,1,0
100216,76,Stockholm,Standard,31,281.99,8.0,1,0
100217,42,Norr,Bas,66,147.62,5.6,2,0
100218,60,Stockholm,Standard,110,311.48,4.0,3,0
100219,82,Syd,Bas,28,167.82,12.5,0,0
100220,39,Stockholm,Standard,64,297.7,6.1,0,0
100221,20,Stockholm,Standard,13,262.23,16.6,0,1
100222,62,Väst,Standard,65,274.56,9.5,1,0
100223,58,Väst,Bas,74,132.67,16.7,0,0
100224,40,Stockholm,Standard,51,314.98,12.2,1,0
100225,56,Stockholm,Standard,54,269.39,7.7,1,0
100226,63,Stockholm,Bas,81,171.54,6.7,2,0
100227,73,Väst,Bas,113,112.3,8.8,1,0
100228,26,Mitt,Standard,89,299.58,9.3,2,0
100229,50,Väst,Bas,42,138.43,17.9,1,0
100230,37,Norr,Standard,36,314.25,4.0,1,0
100231,40,Stockholm,Standard,61,323.23,1.7,1,0
100232,20,Syd,Standard,20,293.49,9.9,1,1
100233,46,Mitt,Premium,89,484.31,48.4,0,1
100234,23,Väst,Bas,8,168.64,9.6,1,1
100235,80,Stockholm,Premium,113,480.92,17.1,0,0
100236,55,Mitt,Premium,51,505.02,55.6,2,0
100237,46,Stockholm,Standard,32,302.05,3.8,2,0
100238,33,Mitt,Bas,72,136.41,6.8,2,0
100239,81,Stockholm,Premium,45,479.94,45.2,1,0
100240,53,Stockholm,Standard,89,318.15,4.7,2,1
100241,85,Väst,Bas,91,156.65,10.0,3,0
100242,62,Väst,Bas,103,121.43,14.3,0,0
100243,85,Syd,Standard,96,266.03,9.0,1,0
100244,77,Stockholm,Bas,119,174.85,11.9,2,0
100245,68,Syd,Standard,27,347.48,11.0,2,1
100246,42,Syd,Bas,66,145.56,12.4,2,1
100247,70,Stockholm,Standard,51,294.15,17.8,0,0
100248,39,Mitt,Standard,97,319.12,8.2,2,0
100249,76,Stockholm,Bas,83,133.4,3.8,2,0
100250,39,Väst,Standard,58,266.19,13.5,4,1
100251,23,Stockholm,Bas,43,166.2,18.1,3,0
100252,26,Mitt,Bas,45,143.53,0.5,0,0
100253,48,Syd,Standard,112,330.98,12.5,2,0
100254,63,Väst,Bas,54,153.74,2.3,0,0
100255,37,Mitt,Standard,41,317.94,4.7,3,0
100256,73,Väst,Standard,59,282.43,14.4,3,1
100257,35,Stockholm,Standard,52,312.39,2.6,3,1
100258,50,Stockholm,Standard,57,288.6,3.8,0,0
100259,40,Stockholm,Premium,87,522.24,27.2,2,0
100260,55,Stockholm,Premium,53,535.24,18.2,0,0
100261,30,Syd,Bas,60,145.46,8.3,2,0
100262,83,Väst,Standard,8,293.08,10.1,3,1
100263,80,Stockholm,Bas,91,103.99,25.0,1,0
100264,65,Stockholm,Standard,115,344.68,5.0,1,0
100265,54,Mitt,Standard,84,349.64,32.3,4,0
100266,68,Stockholm,Bas,104,180.58,3.4,2,0
100267,49,Väst,Premium,38,467.97,20.0,0,0
100268,78,Stockholm,Standard,109,297.15,30.2,1,0
100269,22,Väst,Standard,4,277.35,13.2,0,0
100270,32,Stockholm,Standard,118,302.97,21.3,1,0
100271,49,Väst,Standard,107,289.72,11.0,3,0
100272,62,Norr,Premium,119,492.43,16.3,1,0
100273,66,Mitt,Bas,42,99.0,21.3,2,0
100274,66,Stockholm,Bas,4,147.58,10.6,0,0
100275,81,Syd,Bas,93,171.44,18.1,1,0
100276,75,Väst,Standard,15,287.96,7.3,1,0
100277,80,Mitt,Standard,89,272.63,5.7,1,0
100278,41,Stockholm,Bas,45,125.36,15.5,3,0
100279,65,Norr,Bas,17,132.68,5.7,0,0
100280,64,Väst,Standard,37,284.91,8.6,1,0
100281,59,Syd,Premium,11,484.41,17.6,0,0
100282,59,Väst,Bas,59,202.59,13.7,2,0
100283,53,Väst,Standard,33,282.06,24.5,1,0
100284,45,Stockholm,Premium,30,492.44,43.4,0,1
100285,27,Väst,Premium,0,518.56,12.9,2,0
100286,24,Stockholm,Standard,55,302.89,9.9,0,0
100287,18,Väst,Standard,0,274.33,1.9,1,1
100288,42,Stockholm,Standard,66,284.38,11.8,0,0
100289,43,Väst,Standard,69,296.34,6.3,1,0
100290,83,Mitt,Bas,89,157.47,12.8,5,0
100291,34,Stockholm,Bas,116,117.8,17.4,1,0
100292,32,Stockholm,Standard,99,320.18,2.3,1,0
100293,21,Stockholm,Premium,20,522.12,9.8,2,0
100294,25,Mitt,Premium,80,480.58,37.0,1,1
100295,62,Väst,Standard,79,295.38,7.4,0,0
100296,43,Väst,Standard,43,315.57,24.6,0,0
100297,60,Mitt,Premium,84,487.91,37.0,1,0
100298,24,Väst,Premium,50,440.75,53.5,1,1
100299,69,Väst,Standard,115,276.39,5.2,2,0
100300,36,Syd,Bas,62,214.71,14.4,1,0
100301,22,Syd,Bas,22,126.27,10.8,1,0
100302,80,Syd,Bas,2,142.3,15.8,2,0
100303,42,Syd,Bas,65,198.76,3.8,1,0
100304,39,Syd,Bas,32,134.9,7.9,0,0
100305,21,Syd,Standard,28,283.15,9.7,1,1
100306,57,Syd,Standard,108,274.64,37.0,2,0
100307,36,Stockholm,Bas,106,161.56,5.9,2,0
100308,34,Mitt,Standard,10,274.86,11.1,3,1
100309,63,Syd,Bas,74,171.8,18.4,0,0
100310,63,Stockholm,Premium,79,528.41,16.0,0,0
100311,27,Syd,Bas,28,188.3,3.4,2,0
100312,26,Syd,Bas,50,180.75,10.3,1,1
100313,34,Väst,Premium,71,492.03,30.9,1,1
100314,71,Stockholm,Standard,31,259.79,12.1,4,0
100315,36,Väst,Bas,50,125.42,3.9,1,0
100316,46,Väst,Premium,101,556.74,5.0,1,0
100317,26,Mitt,Premium,19,498.71,35.6,2,1
100318,30,Syd,Bas,119,165.27,6.7,1,0
100319,63,Väst,Premium,77,462.19,13.1,1,1
100320,69,Syd,Standard,119,328.08,19.4,1,0
100321,76,Stockholm,Premium,66,505.12,4.1,0,1
100322,55,Syd,Premium,92,479.77,6.0,1,0
100323,36,Mitt,Bas,99,173.89,23.7,1,0
100324,47,Väst,Standard,35,309.93,8.7,3,0
100325,28,Syd,Bas,109,99.0,7.1,1,0
100326,34,Stockholm,Standard,13,315.74,16.7,0,1
100327,50,Mitt,Bas,91,154.94,19.0,1,0
100328,71,Syd,Bas,60,118.46,5.9,2,0
100329,35,Stockholm,Bas,113,139.01,5.5,1,0
100330,42,Stockholm,Bas,62,131.5,33.2,3,0
100331,20,Syd,Premium,18,531.92,14.3,1,0
100332,20,Väst,Standard,9,316.01,4.8,1,0
100333,55,Syd,Bas,41,147.54,13.3,1,0
100334,83,Väst,Bas,84,150.41,8.3,4,1
100335,57,Mitt,Standard,27,310.15,2.3,0,0
100336,20,Stockholm,Standard,7,316.08,9.2,1,0
100337,57,Stockholm,Bas,64,180.04,8.8,3,0
100338,26,Stockholm,Standard,74,341.33,7.4,1,0
100339,65,Norr,Standard,76,278.31,11.4,0,0
100340,49,Stockholm,Standard,23,284.82,18.6,0,0
100341,42,Stockholm,Bas,109,147.54,3.6,0,0
100342,32,Norr,Standard,53,287.51,22.9,1,0
100343,29,Stockholm,Standard,17,322.05,13.5,1,1
100344,40,Stockholm,Standard,89,282.51,17.8,2,0
100345,48,Väst,Standard,91,296.39,13.4,3,0
100346,56,Stockholm,Standard,5,291.91,5.9,0,0
100347,64,Stockholm,Standard,95,320.39,17.1,2,0
100348,83,Mitt,Standard,53,332.71,6.3,4,0
100349,20,Mitt,Premium,7,481.62,27.4,1,0
100350,81,Stockholm,Bas,78,132.62,6.7,2,0
100351,56,Mitt,Premium,60,527.34,18.7,3,0
100352,23,Stockholm,Standard,42,322.95,10.4,2,1
100353,76,Stockholm,Bas,116,166.75,5.0,0,0
100354,76,Mitt,Standard,21,345.71,6.8,1,0
100355,37,Stockholm,Premium,31,515.04,10.2,2,1
100356,29,Väst,Standard,89,302.72,3.3,2,0
100357,38,Stockholm,Premium,87,480.44,5.5,1,0
100358,73,Stockholm,Bas,15,146.29,21.9,0,0
100359,80,Väst,Bas,37,172.0,1.6,3,1
100360,38,Väst,Standard,70,321.91,27.1,4,0
100361,50,Väst,Standard,109,279.59,5.9,2,0
100362,66,Stockholm,Bas,94,120.48,27.2,1,0
100363,30,Norr,Premium,116,445.57,3.2,1,0
100364,66,Syd,Premium,54,492.85,2.4,0,1
100365,33,Väst,Standard,96,320.73,9.8,1,0
100366,75,Syd,Bas,108,165.98,21.7,1,0
100367,27,Mitt,Bas,47,148.52,3.9,0,0
100368,84,Mitt,Premium,111,476.71,35.5,2,0
100369,67,Syd,Premium,45,546.03,30.2,0,1
100370,36,Stockholm,Standard,53,300.06,13.0,2,0
100371,72,Syd,Standard,31,298.25,6.4,1,0
100372,60,Väst,Bas,9,183.97,16.4,2,0
100373,50,Mitt,Standard,68,333.15,7.2,4,0
100374,68,Väst,Bas,98,156.29,6.2,1,0
100375,64,Stockholm,Premium,101,468.59,6.5,1,0
100376,23,Väst,Bas,53,167.95,12.0,1,1
100377,33,Väst,Bas,10,172.14,37.0,3,0
100378,63,Väst,Bas,99,144.1,12.9,1,0
100379,45,Stockholm,Standard,88,342.02,13.7,2,0
100380,39,Norr,Standard,107,289.58,9.8,1,0
100381,55,Stockholm,Standard,13,313.38,4.7,1,1
100382,28,Väst,Bas,50,132.61,15.5,0,0
100383,84,Syd,Bas,29,137.41,14.2,0,0
100384,55,Stockholm,Standard,12,316.18,3.2,2,0
100385,18,Stockholm,Bas,0,190.66,4.5,2,1
100386,49,Syd,Premium,78,456.14,24.6,1,0
100387,68,Stockholm,Premium,100,542.45,19.4,0,0
100388,57,Väst,Standard,117,313.03,11.9,2,0
100389,52,Syd,Standard,36,252.64,15.2,3,1
100390,61,Väst,Bas,13,131.88,15.7,2,0
100391,19,Mitt,Bas,6,177.04,8.4,1,0
100392,51,Väst,Bas,116,105.42,3.3,1,0
100393,45,Norr,Standard,114,279.93,4.9,0,0
100394,79,Stockholm,Bas,34,176.64,2.4,1,0
100395,57,Syd,Premium,32,550.82,5.2,1,1
100396,30,Väst,Standard,60,259.81,20.2,1,0
100397,76,Mitt,Premium,101,510.31,32.8,1,0
100398,37,Väst,Premium,95,530.0,19.2,1,0
100399,85,Stockholm,Standard,34,293.28,11.5,0,1
100400,42,Väst,Premium,49,492.39,15.7,0,0
100401,75,Väst,Standard,34,285.65,5.1,1,0
100402,70,Väst,Bas,118,158.44,42.0,0,0
100403,67,Väst,Standard,0,300.24,20.8,1,1
100404,62,Norr,Bas,43,137.7,20.9,2,0
100405,19,Stockholm,Bas,12,126.43,15.2,0,0
100406,32,Norr,Standard,78,327.06,7.4,2,1
100407,77,Stockholm,Standard,17,272.39,16.7,0,0
100408,68,Stockholm,Bas,3,148.34,12.0,1,0
100409,49,Stockholm,Standard,110,289.71,11.4,0,0
100410,70,Stockholm,Bas,78,167.74,21.9,1,0
100411,62,Mitt,Standard,114,326.2,5.1,1,0
100412,70,Syd,Bas,103,150.9,9.9,2,0
100413,54,Norr,Bas,18,162.01,23.3,2,0
100414,23,Stockholm,Premium,21,485.47,9.8,1,1
100415,45,Väst,Premium,73,543.58,37.6,2,0
100416,32,Mitt,Standard,36,282.25,13.6,1,0
100417,76,Stockholm,Bas,45,207.38,5.4,2,0
100418,78,Stockholm,Bas,114,112.77,9.3,1,0
100419,31,Syd,Standard,83,289.15,5.0,0,0
100420,77,Norr,Standard,109,304.58,10.8,1,0
100421,40,Norr,Bas,37,143.78,1.7,3,0
100422,31,Stockholm,Premium,107,435.29,7.8,3,1
100423,36,Väst,Standard,37,329.34,13.2,1,0
100424,55,Syd,Premium,77,487.86,10.1,1,0
100425,34,Stockholm,Premium,84,531.0,5.1,0,0
100426,35,Syd,Standard,26,286.72,8.5,3,0
100427,65,Väst,Bas,65,160.96,5.9,0,0
100428,46,Syd,Standard,113,324.79,18.3,0,0
100429,65,Syd,Bas,91,127.86,5.2,0,0
100430,19,Syd,Standard,3,323.82,14.8,0,1
100431,24,Norr,Standard,12,304.79,31.6,4,1
100432,37,Syd,Bas,1,143.98,11.2,0,1
100433,42,Väst,Standard,104,346.91,17.9,4,0
100434,36,Mitt,Bas,14,195.53,9.2,0,0
100435,44,Norr,Premium,7,554.59,14.1,1,0
100436,80,Mitt,Bas,30,153.0,0.4,2,0
100437,49,Stockholm,Bas,1,113.28,5.6,1,0
100438,57,Norr,Standard,33,258.32,12.0,5,0
100439,71,Stockholm,Standard,4,306.58,8.6,3,1
100440,30,Mitt,Premium,45,484.19,43.3,1,0
100441,27,Norr,Standard,84,309.32,10.5,2,0
100442,47,Mitt,Standard,94,289.18,26.3,0,0
100443,60,Norr,Bas,74,109.64,12.4,1,0
100444,51,Syd,Premium,22,501.31,14.7,1,1
100445,26,Väst,Bas,92,182.57,10.5,3,0
100446,61,Väst,Bas,67,141.01,11.0,0,0
100447,80,Syd,Bas,8,134.08,19.2,0,0
100448,54,Stockholm,Standard,80,266.69,19.5,0,0
100449,79,Syd,Bas,117,153.93,2.3,2,0
100450,46,Väst,Premium,110,509.64,13.2,2,0
100451,45,Stockholm,Standard,39,297.02,0.8,3,0
100452,39,Väst,Standard,16,310.65,12.4,1,0
100453,53,Stockholm,Bas,111,179.96,14.4,0,0
100454,57,Mitt,Standard,60,313.47,10.0,3,0
100455,25,Norr,Premium,75,431.51,15.1,1,0
100456,84,Syd,Premium,90,530.1,2.1,0,1
100457,28,Stockholm,Bas,85,153.39,17.4,1,0
100458,55,Väst,Bas,109,114.42,5.9,0,0
100459,39,Stockholm,Standard,109,313.13,20.3,0,0
100460,78,Norr,Bas,119,128.38,15.0,1,0
100461,61,Stockholm,Bas,30,121.37,6.3,2,0
100462,19,Norr,Bas,10,157.42,47.0,0,0
100463,19,Väst,Standard,0,322.69,17.0,0,1
100464,31,Stockholm,Standard,108,334.06,3.5,2,0
100465,73,Väst,Bas,78,145.19,2.9,1,0
100466,76,Mitt,Bas,75,156.7,7.1,3,0
100467,55,Norr,Bas,12,139.61,28.0,1,1
100468,56,Mitt,Standard,43,273.7,4.6,1,0
100469,61,Syd,Bas,19,99.0,10.2,0,0
100470,51,Stockholm,Bas,111,173.27,5.4,2,0
100471,52,Stockholm,Premium,76,506.86,14.8,2,1
100472,43,Stockholm,Standard,8,312.93,13.2,2,0
100473,51,Mitt,Bas,46,147.36,4.0,2,0
100474,38,Mitt,Bas,8,164.63,4.8,0,0
100475,68,Stockholm,Premium,85,482.34,19.6,1,0
100476,64,Stockholm,Bas,84,181.54,10.9,0,0
100477,66,Syd,Premium,2,528.95,46.1,2,1
100478,42,Väst,Standard,47,337.23,15.7,2,1
100479,44,Väst,Standard,8,275.7,8.1,1,0
100480,47,Norr,Bas,80,165.15,13.7,1,0
100481,58,Stockholm,Standard,46,288.05,5.9,0,0
100482,70,Norr,Bas,28,138.7,6.3,1,0
100483,18,Väst,Standard,0,303.03,4.4,1,0
100484,82,Stockholm,Premium,95,493.88,14.4,0,0
100485,76,Stockholm,Standard,119,258.58,20.6,1,0
100486,85,Mitt,Standard,27,314.34,1.6,1,0
100487,36,Norr,Standard,105,315.12,8.5,2,0
100488,50,Syd,Standard,62,301.85,17.4,1,0
100489,55,Stockholm,Standard,79,301.18,10.8,0,0
100490,27,Stockholm,Bas,88,123.73,4.1,1,0
100491,42,Väst,Premium,16,509.88,19.9,0,1
100492,19,Stockholm,Premium,1,543.81,38.8,1,1
100493,26,Väst,Standard,26,270.66,12.3,1,0
100494,51,Väst,Bas,96,137.37,3.3,1,0
100495,39,Norr,Standard,22,282.15,2.4,1,0
100496,23,Stockholm,Standard,48,282.51,10.8,0,0
100497,74,Norr,Premium,75,516.51,34.4,1,0
100498,26,Stockholm,Standard,58,338.59,12.0,0,0
100499,33,Stockholm,Standard,10,337.95,20.9,2,1
100500,33,Väst,Standard,84,265.6,15.5,1,0
100501,53,Mitt,Bas,70,148.34,27.1,1,0
100502,85,Stockholm,Premium,88,489.17,26.4,0,0
100503,19,Stockholm,Standard,4,328.18,15.6,1,0
100504,29,Väst,Standard,77,336.69,4.1,1,0
100505,40,Väst,Standard,1,287.72,3.3,0,1
100506,25,Norr,Bas,40,104.2,14.3,0,0
100507,18,Väst,Standard,0,313.79,4.2,1,1
100508,80,Mitt,Bas,113,148.07,60.8,0,0
100509,33,Väst,Bas,94,171.18,15.9,1,0
100510,60,Norr,Standard,118,311.98,23.4,1,0
100511,78,Norr,Standard,50,303.25,11.6,3,0
100512,68,Syd,Standard,34,281.86,3.9,1,1
100513,20,Syd,Premium,15,471.67,49.0,0,0
100514,42,Stockholm,Bas,76,168.02,14.7,0,0
100515,21,Mitt,Standard,10,276.29,10.0,3,1
100516,81,Mitt,Bas,66,150.01,7.2,1,0
100517,49,Stockholm,Standard,11,287.75,6.1,4,1
100518,84,Stockholm,Standard,112,277.41,5.6,1,0
100519,45,Norr,Standard,9,251.59,6.4,1,1
100520,55,Stockholm,Standard,113,317.38,2.3,0,0
100521,22,Norr,Standard,26,340.85,15.7,0,0
100522,85,Norr,Standard,83,256.7,11.6,0,0
100523,76,Syd,Premium,71,531.57,47.9,2,0
100524,52,Väst,Bas,16,99.0,17.9,0,0
100525,33,Väst,Bas,82,173.29,12.7,0,0
100526,47,Väst,Standard,74,288.18,14.4,1,0
100527,47,Stockholm,Standard,28,302.96,17.3,1,0
100528,71,Väst,Standard,92,287.83,15.6,1,0
100529,38,Syd,Premium,116,563.97,44.0,1,0
100530,61,Syd,Standard,52,294.38,6.0,2,0
100531,73,Stockholm,Premium,96,449.56,22.0,0,0
100532,31,Syd,Bas,22,158.24,11.7,0,1
100533,70,Väst,Standard,42,338.12,6.7,0,0
100534,53,Mitt,Standard,109,273.12,8.0,0,0
100535,31,Stockholm,Standard,40,327.71,7.9,1,0
100536,19,Stockholm,Bas,7,99.0,5.0,0,0
100537,78,Mitt,Bas,12,187.56,14.0,0,0
100538,77,Stockholm,Standard,108,270.85,9.6,1,0
100539,22,Väst,Bas,28,170.82,16.5,2,1
100540,54,Norr,Standard,20,318.27,21.9,1,0
100541,24,Stockholm,Standard,45,328.41,10.1,2,1
100542,21,Stockholm,Premium,35,534.6,43.5,1,1
100543,21,Mitt,Premium,8,519.48,14.7,0,1
100544,81,Väst,Standard,29,274.89,3.0,2,0
100545,52,Mitt,Premium,11,485.58,21.2,3,1
100546,85,Stockholm,Standard,34,283.16,6.3,0,0
100547,70,Väst,Standard,88,305.8,17.1,0,0
100548,68,Syd,Standard,92,281.56,5.4,0,0
100549,25,Mitt,Standard,17,288.57,9.2,1,1
100550,47,Mitt,Bas,112,166.3,6.4,0,0
100551,56,Stockholm,Bas,56,189.72,6.2,1,0
100552,58,Stockholm,Standard,113,293.31,7.9,1,0
100553,27,Stockholm,Standard,104,302.91,19.4,1,1
100554,18,Väst,Bas,0,149.75,11.3,2,1
100555,59,Stockholm,Premium,71,502.34,10.5,0,0
100556,25,Norr,Standard,10,318.3,23.7,0,0
100557,81,Mitt,Bas,113,154.04,6.5,0,0
100558,40,Mitt,Standard,105,315.1,10.6,1,0
100559,81,Väst,Bas,28,150.05,10.8,2,0
100560,45,Mitt,Standard,104,250.91,6.0,1,0
100561,46,Norr,Bas,37,148.51,1.1,1,0
100562,69,Väst,Bas,87,167.26,14.9,0,0
100563,79,Norr,Standard,78,281.29,3.1,1,0
100564,29,Väst,Standard,28,322.89,38.4,0,1
100565,48,Mitt,Standard,71,273.13,22.5,0,0
100566,25,Väst,Standard,69,292.34,35.2,1,0
100567,65,Stockholm,Standard,113,295.34,4.4,1,0
100568,65,Norr,Standard,97,247.48,26.5,1,0
100569,27,Väst,Standard,102,277.27,13.1,1,0
100570,78,Norr,Standard,26,266.33,5.7,1,0
100571,84,Väst,Standard,47,290.97,8.8,1,0
100572,77,Syd,Premium,92,508.43,6.6,1,0
100573,72,Mitt,Bas,99,99.0,4.6,0,0
100574,68,Stockholm,Premium,49,478.88,20.5,0,0
100575,36,Väst,Bas,51,156.4,25.7,0,0
100576,84,Stockholm,Bas,16,175.4,21.0,1,1
100577,38,Stockholm,Standard,84,326.4,13.6,2,0
100578,53,Norr,Bas,19,144.07,31.6,0,0
100579,65,Stockholm,Standard,72,295.1,8.9,1,0
100580,70,Stockholm,Standard,85,318.74,8.9,0,0
100581,40,Väst,Premium,63,511.41,11.7,0,0
100582,46,Väst,Standard,49,330.21,14.3,1,1
100583,50,Väst,Standard,27,267.05,20.0,0,0
100584,42,Syd,Standard,98,310.33,1.4,1,0
100585,40,Syd,Bas,88,162.54,2.2,2,0
100586,79,Mitt,Standard,52,321.14,17.0,0,0
100587,34,Väst,Premium,57,441.19,17.9,1,0
100588,47,Stockholm,Standard,80,299.47,2.1,0,0
100589,28,Stockholm,Standard,28,319.97,24.2,1,0
100590,68,Väst,Bas,12,172.36,12.4,2,0
100591,72,Stockholm,Standard,16,321.24,12.1,3,1
100592,51,Stockholm,Standard,99,244.51,18.8,0,0
100593,22,Mitt,Standard,40,280.8,10.2,2,1
100594,25,Väst,Bas,38,163.02,9.3,0,1
100595,35,Syd,Bas,10,133.46,13.7,1,0
100596,26,Väst,Standard,79,263.7,7.6,2,0
100597,33,Väst,Standard,82,276.55,10.5,0,0
100598,52,Mitt,Premium,80,492.67,10.1,2,0
100599,57,Stockholm,Premium,86,509.55,28.2,3,0
100600,66,Stockholm,Bas,82,144.01,20.0,0,0
100601,81,Väst,Standard,12,279.59,15.9,4,0
100602,68,Norr,Bas,40,169.04,8.9,2,0
100603,50,Mitt,Standard,47,271.1,8.6,0,0
100604,40,Syd,Standard,108,334.22,15.1,0,0
100605,77,Mitt,Standard,28,284.92,10.4,1,0
100606,18,Väst,Standard,0,318.74,10.7,2,0
100607,67,Stockholm,Standard,0,289.76,14.7,2,0
100608,54,Syd,Bas,39,214.01,13.9,1,1
100609,51,Norr,Bas,48,178.94,7.8,1,0
100610,30,Väst,Standard,63,327.06,28.4,1,0
100611,37,Syd,Standard,118,270.33,3.0,0,0
100612,39,Väst,Premium,1,496.59,14.4,0,1
100613,20,Stockholm,Bas,15,144.48,17.1,0,0
100614,56,Syd,Premium,111,470.53,20.4,0,0
100615,56,Väst,Bas,88,173.29,8.5,4,0
100616,44,Väst,Standard,44,340.05,33.1,1,1
100617,79,Stockholm,Standard,88,280.93,3.0,1,0
100618,49,Väst,Premium,85,480.05,13.5,1,0
100619,22,Syd,Bas,16,175.97,5.2,3,1
100620,21,Väst,Bas,10,162.56,14.1,3,0
100621,43,Stockholm,Standard,75,309.89,12.8,1,0
100622,30,Syd,Standard,86,301.22,11.2,1,0
100623,76,Norr,Premium,42,478.04,23.7,1,0
100624,75,Stockholm,Premium,106,480.61,12.5,2,0
100625,83,Syd,Standard,69,310.11,17.8,0,0
100626,52,Väst,Premium,50,504.4,28.7,1,0
100627,51,Norr,Bas,76,125.5,20.6,1,0
100628,78,Stockholm,Standard,57,323.27,6.0,0,1
100629,61,Syd,Bas,31,141.15,11.3,1,0
100630,76,Syd,Standard,106,329.65,4.2,2,0
100631,31,Stockholm,Standard,23,313.67,17.4,1,0
100632,31,Mitt,Standard,77,317.14,5.6,1,0
100633,21,Stockholm,Bas,35,159.64,9.0,0,0
100634,45,Mitt,Premium,5,512.44,4.8,0,0
100635,71,Mitt,Standard,31,299.58,29.6,2,0
100636,53,Stockholm,Bas,113,117.63,2.5,3,0
100637,55,Väst,Bas,16,135.62,4.0,1,0
100638,24,Stockholm,Standard,36,312.85,12.5,0,1
100639,26,Mitt,Standard,93,312.78,25.8,1,0
100640,23,Väst,Standard,9,328.71,19.9,1,0
100641,42,Stockholm,Bas,8,114.08,5.6,4,1
100642,75,Mitt,Bas,33,152.74,7.6,0,0
100643,68,Väst,Standard,17,309.1,16.5,3,1
100644,74,Norr,Bas,0,181.3,1.9,1,1
100645,38,Norr,Standard,58,344.31,25.7,0,0
100646,44,Väst,Premium,57,461.62,23.9,1,0
100647,83,Stockholm,Standard,117,307.69,14.2,0,0
100648,66,Väst,Bas,110,138.31,31.8,0,0
100649,64,Stockholm,Premium,0,476.82,22.2,0,0
100650,53,Syd,Premium,53,503.73,18.7,0,0
100651,25,Norr,Bas,16,185.01,0.5,0,1
100652,68,Syd,Standard,44,265.26,17.9,2,0
100653,43,Väst,Bas,41,147.03,6.7,1,0
100654,39,Syd,Standard,63,314.76,1.7,1,0
100655,67,Mitt,Bas,13,120.81,10.8,0,0
100656,50,Stockholm,Standard,113,307.37,14.8,1,0
100657,29,Mitt,Bas,65,120.92,48.4,0,0
100658,78,Syd,Standard,22,298.85,3.3,2,0
100659,44,Stockholm,Standard,50,292.35,27.6,2,1
100660,73,Mitt,Premium,100,529.02,13.8,0,0
100661,45,Stockholm,Standard,50,314.05,24.9,0,0
100662,39,Syd,Standard,63,284.05,17.5,1,0
100663,72,Stockholm,Bas,102,140.86,2.7,1,0
100664,77,Norr,Standard,18,267.25,9.1,1,0
100665,39,Stockholm,Standard,114,312.15,13.5,1,0
100666,45,Väst,Standard,115,238.05,4.7,1,0
100667,55,Stockholm,Standard,30,320.08,27.8,1,0
100668,64,Mitt,Premium,36,469.28,13.7,0,0
100669,52,Stockholm,Bas,74,124.65,9.6,1,1
100670,66,Stockholm,Standard,108,301.03,4.1,2,0
100671,74,Norr,Bas,27,137.94,11.9,1,0
100672,45,Väst,Bas,50,120.24,7.3,0,0
100673,75,Syd,Bas,117,139.89,9.1,0,0
100674,74,Mitt,Premium,116,532.27,29.9,0,0
100675,84,Väst,Premium,84,483.49,37.3,2,0
100676,49,Stockholm,Bas,53,103.08,14.1,0,0
100677,75,Stockholm,Standard,36,331.41,10.3,0,0
100678,83,Stockholm,Bas,114,116.49,9.5,0,0
100679,81,Mitt,Standard,60,281.39,3.8,0,0
100680,81,Stockholm,Standard,105,318.8,10.8,2,0
100681,44,Väst,Premium,97,499.84,13.1,0,0
100682,79,Stockholm,Standard,53,305.49,6.7,0,0
100683,47,Syd,Standard,14,299.46,19.3,1,0
100684,79,Stockholm,Standard,51,281.08,34.0,1,0
100685,73,Mitt,Premium,93,512.1,10.5,2,1
100686,27,Stockholm,Standard,107,295.47,3.2,3,0
100687,26,Väst,Standard,43,255.66,8.7,3,0
100688,62,Väst,Standard,103,306.2,11.9,3,0
100689,34,Mitt,Standard,31,287.71,9.6,1,0
100690,68,Mitt,Bas,108,162.11,29.3,1,0
100691,71,Stockholm,Standard,34,298.16,8.1,2,0
100692,53,Stockholm,Bas,47,116.68,4.4,3,0
100693,70,Mitt,Bas,87,112.75,1.7,1,0
100694,53,Mitt,Standard,102,311.98,8.5,0,0
100695,56,Väst,Standard,24,277.87,13.4,3,1
100696,31,Stockholm,Premium,64,470.67,6.3,0,1
100697,57,Syd,Standard,63,291.27,14.6,0,0
100698,28,Stockholm,Standard,105,309.1,10.0,2,0
100699,60,Norr,Premium,68,510.47,7.6,0,0
100700,71,Väst,Premium,35,483.39,12.2,3,1
100701,70,Mitt,Standard,14,291.2,11.7,1,0
100702,28,Stockholm,Bas,56,194.51,10.3,1,1
100703,71,Stockholm,Standard,7,262.25,8.4,0,0
100704,67,Norr,Premium,104,472.13,15.0,0,0
100705,28,Syd,Standard,57,297.34,18.5,2,1
100706,23,Stockholm,Bas,32,165.04,12.5,0,0
100707,62,Väst,Standard,30,284.76,11.8,3,0
100708,46,Stockholm,Standard,99,293.12,9.8,1,0
100709,51,Stockholm,Standard,92,329.84,5.4,1,0
100710,19,Syd,Standard,2,305.95,4.9,2,0
100711,34,Mitt,Premium,112,520.18,24.2,0,0
100712,62,Stockholm,Bas,45,101.59,8.6,0,0
100713,61,Stockholm,Standard,18,270.39,27.7,3,0
100714,37,Mitt,Premium,12,513.44,83.1,0,0
100715,41,Stockholm,Standard,85,347.65,4.9,1,0
100716,49,Syd,Standard,29,323.13,18.6,3,0
100717,41,Väst,Bas,84,196.06,42.9,0,0
100718,37,Stockholm,Standard,89,293.14,18.9,2,0
100719,39,Mitt,Standard,1,324.4,4.9,0,0
100720,53,Mitt,Standard,101,276.01,16.2,0,1
100721,55,Syd,Standard,96,281.75,29.2,1,0
100722,62,Väst,Standard,49,301.08,21.0,0,1
100723,34,Väst,Premium,88,529.98,30.5,1,0
100724,29,Stockholm,Bas,60,137.52,4.5,2,0
100725,39,Norr,Standard,66,299.8,6.9,2,0
100726,70,Stockholm,Premium,20,525.86,9.1,0,1
100727,74,Stockholm,Bas,60,115.24,8.1,1,0
100728,71,Norr,Standard,21,330.47,19.9,0,0
100729,44,Stockholm,Standard,98,325.2,6.3,0,0
100730,82,Väst,Bas,17,151.96,15.6,3,0
100731,56,Mitt,Standard,63,349.29,19.9,2,0
100732,43,Stockholm,Premium,96,474.3,6.4,1,0
100733,57,Mitt,Standard,110,301.29,15.7,6,0
100734,77,Väst,Standard,75,322.55,13.8,2,0
100735,47,Stockholm,Standard,51,307.46,4.8,1,0
100736,24,Väst,Bas,35,119.44,13.8,0,0
100737,38,Stockholm,Bas,109,134.78,23.1,4,0
100738,85,Stockholm,Premium,100,463.11,7.0,0,0
100739,49,Mitt,Standard,61,324.53,1.0,1,1
100740,32,Stockholm,Standard,110,327.97,2.0,0,0
100741,77,Syd,Standard,34,272.45,49.6,0,0
100742,43,Väst,Standard,9,314.06,1.7,1,0
100743,39,Väst,Premium,117,448.88,17.7,2,0
100744,24,Väst,Bas,62,113.77,23.2,1,0
100745,82,Norr,Standard,68,295.68,9.6,1,0
100746,74,Väst,Bas,4,137.45,9.1,1,0
100747,44,Väst,Premium,81,481.94,18.4,2,0
100748,51,Väst,Premium,78,499.16,17.7,1,0
100749,35,Syd,Standard,17,264.46,6.7,1,0
100750,83,Norr,Bas,26,120.11,6.6,0,0
100751,80,Norr,Standard,33,316.96,6.9,2,0
100752,27,Syd,Premium,100,460.57,31.4,1,0
100753,34,Stockholm,Standard,8,356.85,18.4,1,0
100754,78,Syd,Premium,9,478.39,21.4,2,0
100755,32,Stockholm,Premium,32,487.98,6.9,0,0
100756,42,Stockholm,Bas,55,145.93,9.3,1,0
100757,72,Väst,Standard,46,314.27,25.3,0,0
100758,34,Stockholm,Bas,43,126.04,5.6,0,1
100759,75,Mitt,Bas,75,104.09,15.3,0,0
100760,62,Stockholm,Bas,41,133.17,14.5,2,1
100761,30,Mitt,Premium,67,521.94,13.8,2,1
100762,20,Syd,Premium,12,490.96,3.4,2,1
100763,29,Syd,Premium,46,499.05,8.0,0,0
100764,53,Mitt,Bas,22,155.55,10.8,5,1
100765,83,Stockholm,Bas,16,151.66,15.0,4,1
100766,50,Väst,Bas,35,138.11,8.0,1,0
100767,26,Norr,Standard,86,328.87,8.3,2,0
100768,21,Norr,Premium,36,477.2,15.1,3,1
100769,30,Mitt,Standard,12,308.22,2.2,2,0
100770,47,Syd,Standard,110,279.73,2.6,1,0
100771,48,Stockholm,Premium,36,497.3,13.7,0,0
100772,38,Mitt,Standard,27,342.15,4.6,3,0
100773,60,Mitt,Premium,11,521.52,6.8,1,1
100774,34,Mitt,Premium,23,507.61,4.6,0,1
100775,35,Stockholm,Standard,13,293.48,14.1,1,0
100776,81,Mitt,Standard,35,340.83,2.7,1,0
100777,54,Väst,Standard,117,318.36,10.3,0,0
100778,58,Syd,Bas,109,150.93,19.0,0,0
100779,56,Väst,Standard,95,276.78,11.3,0,0
100780,28,Mitt,Bas,90,122.87,27.5,0,0
100781,57,Mitt,Premium,56,508.03,71.1,0,0
100782,69,Stockholm,Standard,34,292.34,5.8,0,1
100783,20,Stockholm,Standard,10,309.8,13.6,0,0
100784,43,Mitt,Bas,73,132.09,16.1,0,0
100785,36,Norr,Premium,62,486.07,17.8,0,1
100786,58,Väst,Standard,64,304.83,8.0,3,0
100787,79,Stockholm,Bas,38,167.29,28.4,2,0
100788,43,Väst,Standard,18,283.05,14.9,2,0
100789,22,Stockholm,Standard,30,298.8,7.0,1,0
100790,61,Mitt,Standard,85,302.44,18.1,0,0
100791,39,Väst,Standard,119,286.39,12.1,0,0
100792,64,Stockholm,Bas,102,152.97,17.5,1,0
100793,27,Stockholm,Bas,68,198.88,5.9,1,0
100794,37,Syd,Bas,65,206.82,9.6,1,0
100795,44,Syd,Standard,20,248.95,1.2,2,0
100796,74,Väst,Standard,72,302.6,6.8,2,0
100797,55,Syd,Bas,3,145.57,39.1,0,0
100798,60,Stockholm,Standard,41,330.95,20.2,2,1
100799,65,Stockholm,Standard,11,301.66,5.1,1,0
100800,59,Väst,Bas,118,133.28,11.8,0,0
100801,78,Väst,Standard,91,331.22,44.7,2,0
100802,32,Mitt,Bas,30,166.48,4.3,1,0
100803,61,Syd,Standard,99,260.54,4.7,2,0
100804,35,Syd,Standard,47,271.84,0.7,2,0
100805,55,Stockholm,Standard,40,320.06,8.6,2,0
100806,44,Stockholm,Bas,77,148.2,20.2,1,0
100807,80,Stockholm,Premium,29,472.32,20.0,1,0
100808,20,Stockholm,Standard,1,304.51,4.7,1,0
100809,55,Stockholm,Standard,61,342.05,7.4,1,1
100810,21,Mitt,Premium,32,501.58,16.3,3,0
100811,42,Syd,Bas,29,149.6,23.3,2,0
100812,63,Väst,Premium,55,543.38,38.5,1,0
100813,34,Syd,Bas,7,149.1,9.5,0,0
100814,39,Väst,Premium,117,537.17,59.2,2,0
100815,63,Stockholm,Bas,14,150.83,18.0,1,0
100816,66,Väst,Premium,89,497.08,5.7,0,0
100817,61,Mitt,Bas,43,129.76,5.6,0,1
100818,23,Syd,Standard,5,261.65,4.7,0,0
100819,41,Stockholm,Standard,108,300.06,27.2,0,0
100820,68,Stockholm,Bas,12,157.03,16.8,0,0
100821,76,Väst,Bas,7,123.68,7.7,1,0
100822,32,Stockholm,Standard,45,286.06,3.8,1,0
100823,44,Stockholm,Standard,18,293.77,8.2,2,0
100824,77,Stockholm,Bas,84,107.62,4.6,5,0
100825,26,Norr,Bas,88,135.06,24.9,2,0
100826,79,Stockholm,Standard,21,250.78,21.4,0,0
100827,43,Stockholm,Standard,92,287.88,3.8,0,0
100828,64,Stockholm,Standard,60,298.81,11.2,0,0
100829,47,Stockholm,Bas,13,177.41,24.8,1,0
100830,44,Norr,Standard,52,252.17,3.0,2,0
100831,43,Stockholm,Standard,67,274.57,6.6,2,0
100832,19,Väst,Standard,3,316.53,10.3,0,1
100833,79,Stockholm,Standard,14,312.68,7.4,3,0
100834,69,Mitt,Bas,68,140.66,2.0,1,0
100835,80,Mitt,Standard,101,345.7,10.6,1,0
100836,56,Stockholm,Bas,43,135.59,19.1,1,0
100837,83,Stockholm,Standard,7,320.94,18.9,0,0
100838,23,Stockholm,Standard,37,321.57,26.0,0,0
100839,42,Stockholm,Bas,112,106.19,16.2,2,0
100840,56,Stockholm,Bas,117,161.44,10.9,0,0
100841,50,Stockholm,Bas,101,158.68,9.4,1,0
100842,18,Stockholm,Bas,0,118.25,16.0,1,1
100843,24,Väst,Standard,36,341.02,5.8,2,1
100844,48,Norr,Bas,61,144.0,2.0,1,1
100845,74,Väst,Standard,17,342.46,2.3,1,0
100846,59,Väst,Premium,9,463.23,23.0,1,1
100847,37,Stockholm,Bas,75,131.03,14.3,1,0
100848,72,Norr,Bas,7,164.05,6.9,1,1
100849,78,Väst,Standard,106,289.16,9.9,2,0
100850,37,Väst,Bas,56,179.52,5.5,1,0
100851,80,Väst,Standard,13,287.35,2.5,0,0
100852,33,Mitt,Bas,44,99.0,12.8,2,0
100853,57,Stockholm,Premium,79,527.68,34.8,1,0
100854,40,Stockholm,Premium,27,492.43,78.4,1,0
100855,66,Norr,Standard,26,299.41,10.9,1,0
100856,22,Väst,Standard,17,291.85,7.5,1,0
100857,21,Stockholm,Standard,6,317.79,13.5,2,1
100858,81,Väst,Standard,2,316.9,20.2,0,0
100859,30,Stockholm,Premium,117,426.54,26.8,0,0
100860,77,Stockholm,Premium,80,508.98,28.2,1,0
100861,63,Stockholm,Premium,101,454.1,7.6,1,0
100862,58,Stockholm,Standard,78,302.31,6.7,1,0
100863,67,Stockholm,Standard,28,294.12,2.7,2,0
100864,23,Norr,Bas,39,163.66,3.0,3,0
100865,21,Syd,Premium,18,450.94,28.4,2,1
100866,23,Väst,Standard,14,292.82,1.8,1,1
100867,19,Väst,Standard,5,346.66,7.2,3,1
100868,81,Stockholm,Bas,46,203.91,19.7,2,0
100869,48,Stockholm,Premium,118,462.85,26.7,1,0
100870,26,Väst,Standard,83,283.12,23.8,1,0
100871,39,Syd,Standard,28,264.5,6.2,2,0
100872,27,Väst,Standard,3,290.59,8.6,1,0
100873,79,Norr,Bas,72,175.66,8.1,5,0
100874,71,Väst,Standard,2,322.83,23.0,0,0
100875,18,Stockholm,Standard,0,278.37,11.1,2,1
100876,38,Norr,Standard,119,278.64,1.5,2,0
100877,62,Stockholm,Standard,55,258.54,3.3,2,0
100878,45,Syd,Standard,15,279.48,1.9,0,0
100879,33,Stockholm,Bas,78,164.13,15.6,1,0
100880,45,Väst,Standard,105,303.31,6.0,1,0
100881,46,Stockholm,Standard,71,322.43,2.1,2,0
100882,65,Norr,Bas,96,169.38,19.1,0,0
100883,55,Väst,Standard,91,323.69,23.5,3,0
100884,50,Stockholm,Premium,14,518.55,36.6,1,0
100885,59,Mitt,Standard,71,275.91,12.2,1,0
100886,73,Väst,Standard,40,314.72,20.1,1,0
100887,24,Väst,Standard,69,269.52,11.4,0,0
100888,51,Mitt,Premium,91,442.85,6.3,1,0
100889,69,Norr,Premium,12,453.25,1.5,2,1
100890,37,Väst,Standard,39,293.2,17.4,2,0
100891,76,Väst,Standard,52,317.89,11.5,1,0
100892,31,Mitt,Bas,116,162.52,9.1,2,0
100893,20,Väst,Standard,18,255.35,19.4,1,0
100894,69,Stockholm,Standard,99,290.06,2.8,1,1
100895,69,Väst,Standard,21,317.1,20.9,1,0
100896,32,Syd,Premium,68,504.21,43.9,1,0
100897,85,Mitt,Premium,87,490.51,14.8,1,0
100898,59,Stockholm,Bas,35,129.55,22.5,4,0
100899,20,Väst,Standard,23,275.1,2.7,1,1
100900,58,Syd,Standard,28,301.56,5.1,2,0
100901,41,Väst,Bas,102,184.3,3.7,2,0
100902,83,Väst,Premium,94,544.34,10.7,3,0
100903,36,Syd,Premium,113,454.13,10.1,1,1
100904,24,Mitt,Bas,59,155.56,7.2,2,0
100905,77,Väst,Bas,79,197.15,10.2,2,0
100906,32,Väst,Premium,75,453.17,15.3,1,0
100907,40,Stockholm,Standard,22,301.63,9.6,1,0
100908,62,Stockholm,Bas,10,190.28,17.4,1,0
100909,40,Stockholm,Bas,49,179.17,9.7,0,0
100910,40,Norr,Premium,48,536.0,14.3,2,1
100911,51,Stockholm,Bas,38,152.45,9.6,0,0
100912,26,Norr,Standard,40,304.22,23.9,1,0
100913,54,Väst,Bas,42,193.87,11.4,3,0
100914,78,Syd,Bas,21,156.78,31.4,0,0
100915,85,Mitt,Standard,82,325.49,9.8,2,0
100916,67,Syd,Standard,31,332.03,6.9,1,0
100917,58,Mitt,Bas,54,138.51,1.2,0,0
100918,33,Norr,Bas,97,165.53,16.4,0,0
100919,77,Stockholm,Bas,13,181.21,1.2,2,0
100920,24,Stockholm,Standard,63,318.98,8.0,3,0
100921,66,Väst,Standard,115,312.01,1.0,0,0
100922,75,Stockholm,Standard,69,326.43,20.9,1,0
100923,49,Norr,Bas,65,186.44,19.7,0,0
100924,56,Mitt,Standard,37,320.58,9.3,0,0
100925,73,Väst,Bas,2,161.78,15.2,0,0
100926,81,Stockholm,Bas,76,136.95,6.5,4,0
100927,20,Väst,Bas,0,153.88,3.0,1,1
100928,53,Mitt,Bas,117,177.86,1.9,1,0
100929,45,Stockholm,Standard,13,299.26,8.3,2,0
100930,33,Stockholm,Standard,93,303.36,7.6,0,0
100931,76,Norr,Bas,1,165.29,9.6,1,1
100932,27,Stockholm,Premium,101,463.53,7.5,1,0
100933,40,Stockholm,Premium,1,480.2,6.1,1,0
100934,46,Stockholm,Standard,50,305.03,20.0,1,0
100935,33,Stockholm,Bas,11,191.63,10.8,1,0
100936,64,Stockholm,Standard,56,298.52,14.4,2,1
100937,61,Stockholm,Standard,95,335.85,8.4,2,0
100938,18,Stockholm,Bas,0,162.39,8.8,1,0
100939,28,Väst,Bas,32,152.61,8.8,1,0
100940,44,Väst,Bas,60,159.92,14.4,0,0
100941,77,Stockholm,Bas,94,153.46,8.8,1,0
100942,45,Mitt,Standard,81,300.9,18.0,1,0
100943,46,Mitt,Premium,90,497.85,9.2,2,0
100944,63,Väst,Standard,92,281.12,2.3,1,0
100945,71,Stockholm,Standard,99,332.52,6.6,3,0
100946,31,Väst,Standard,64,294.43,19.3,0,0
100947,63,Mitt,Standard,67,279.94,11.7,0,0
100948,77,Mitt,Standard,82,279.73,1.8,0,0
100949,78,Väst,Bas,70,158.8,13.9,4,0
100950,40,Väst,Standard,40,307.69,8.1,0,0
100951,70,Mitt,Bas,39,145.05,2.3,0,0
100952,74,Syd,Bas,0,118.84,14.8,0,0
100953,28,Syd,Standard,112,311.15,4.5,0,0
100954,74,Stockholm,Premium,61,475.92,27.9,1,0
100955,81,Stockholm,Standard,9,311.69,9.1,3,1
100956,78,Mitt,Standard,108,249.82,5.2,2,0
100957,77,Stockholm,Premium,80,526.56,11.7,2,0
100958,35,Väst,Premium,116,512.01,3.6,1,0
100959,51,Mitt,Standard,18,291.25,10.3,0,0
100960,75,Väst,Standard,47,288.16,8.1,0,0
100961,24,Syd,Bas,17,137.62,7.8,2,0
100962,33,Väst,Standard,43,315.84,7.7,1,0
100963,32,Norr,Bas,25,146.14,9.4,3,0
100964,45,Stockholm,Bas,19,186.69,4.9,2,1
100965,25,Mitt,Standard,53,289.62,1.8,0,0
100966,30,Stockholm,Standard,10,320.99,9.9,1,0
100967,85,Stockholm,Premium,40,536.24,31.9,0,0
100968,50,Stockholm,Bas,53,138.68,17.5,1,0
100969,73,Norr,Standard,117,314.19,16.1,0,0
100970,23,Väst,Standard,35,275.5,10.0,3,0
100971,21,Väst,Standard,10,247.95,9.9,4,0
100972,83,Stockholm,Standard,34,306.81,3.8,3,0
100973,83,Mitt,Standard,98,304.63,3.4,0,0
100974,18,Väst,Premium,0,512.27,34.0,1,1
100975,34,Syd,Standard,66,272.31,13.5,2,0
100976,51,Syd,Bas,78,154.75,3.1,2,0
100977,61,Syd,Bas,62,113.21,13.7,1,0
100978,74,Syd,Bas,119,136.22,9.4,3,0
100979,18,Väst,Standard,0,330.11,4.9,0,0
100980,27,Mitt,Bas,96,114.37,13.2,1,0
100981,19,Syd,Standard,8,317.53,5.6,3,1
100982,58,Mitt,Standard,12,267.52,12.1,1,0
100983,54,Stockholm,Bas,73,158.41,10.6,0,0
100984,54,Syd,Standard,84,274.74,2.6,1,0
100985,31,Syd,Standard,47,270.04,7.2,1,0
100986,69,Stockholm,Bas,81,105.48,12.6,2,0
100987,80,Syd,Bas,5,157.88,19.7,1,1
100988,65,Mitt,Premium,45,457.19,19.6,2,1
100989,84,Mitt,Standard,4,303.2,17.5,3,1
100990,74,Norr,Standard,64,294.05,3.8,2,0
100991,23,Väst,Bas,12,99.68,13.7,1,0
100992,71,Norr,Bas,14,139.61,6.1,1,0
100993,60,Stockholm,Standard,96,273.18,18.8,0,0
100994,57,Stockholm,Standard,97,308.37,21.1,1,1
100995,31,Stockholm,Bas,97,152.7,31.4,0,0
100996,41,Väst,Standard,73,334.23,25.7,2,0
100997,42,Väst,Bas,37,156.66,7.1,0,0
100998,25,Stockholm,Standard,2,301.41,0.8,1,0
100999,40,Mitt,Standard,28,310.02,13.1,1,0
101000,29,Väst,Bas,113,156.33,11.7,2,0
101001,48,Väst,Premium,53,493.84,55.6,1,0
101002,77,Syd,Bas,81,162.89,8.0,2,0
101003,68,Mitt,Premium,72,505.0,19.7,0,0
101004,36,Syd,Bas,99,161.25,9.4,2,0
101005,57,Syd,Standard,74,268.92,18.3,2,0
101006,78,Syd,Premium,83,497.18,26.5,0,0
101007,82,Stockholm,Standard,58,320.46,9.5,2,0
101008,38,Väst,Standard,3,314.06,15.4,1,0
101009,38,Stockholm,Standard,72,316.08,22.8,0,0
101010,21,Väst,Bas,22,166.06,4.8,0,1
101011,70,Stockholm,Standard,105,308.06,2.0,0,0
101012,37,Väst,Premium,81,524.09,18.5,3,0
101013,42,Mitt,Premium,64,478.04,12.1,3,0
101014,44,Stockholm,Standard,69,317.29,1.5,0,0
101015,24,Stockholm,Bas,37,154.39,14.5,1,0
101016,25,Mitt,Bas,65,142.47,18.5,0,0
101017,57,Stockholm,Standard,84,304.13,13.6,0,0
101018,47,Väst,Standard,70,305.29,5.3,0,0
101019,40,Väst,Bas,47,118.89,20.0,1,0
101020,72,Väst,Standard,91,276.94,1.4,2,0
101021,32,Syd,Standard,63,322.08,3.3,1,0
101022,46,Stockholm,Standard,29,279.23,23.0,0,0
101023,39,Väst,Standard,40,321.03,13.5,1,0
101024,51,Mitt,Premium,9,517.22,34.7,0,0
101025,26,Väst,Premium,11,511.73,37.0,0,1
101026,85,Norr,Bas,106,153.21,12.9,1,0
101027,37,Norr,Premium,93,534.42,6.3,0,0
101028,32,Väst,Premium,27,511.68,13.2,0,0
101029,65,Väst,Bas,3,179.59,7.0,1,0
101030,54,Stockholm,Bas,6,173.2,5.5,0,0
101031,68,Väst,Bas,23,146.35,14.1,2,0
101032,85,Stockholm,Standard,99,293.87,10.2,1,0
101033,65,Stockholm,Standard,14,298.23,19.9,0,1
101034,51,Väst,Standard,20,312.96,5.8,0,0
101035,39,Mitt,Bas,87,124.84,14.5,1,0
101036,58,Stockholm,Bas,100,110.07,19.6,0,0
101037,79,Stockholm,Bas,102,146.95,1.3,1,0
101038,55,Väst,Standard,115,264.51,10.6,1,0
101039,55,Mitt,Standard,75,282.05,29.0,1,0
101040,25,Väst,Bas,60,156.54,0.3,1,0
101041,47,Väst,Standard,110,308.33,4.0,0,0
101042,66,Mitt,Bas,112,185.92,9.1,1,0
101043,73,Stockholm,Standard,0,271.43,5.1,3,0
101044,80,Norr,Standard,88,258.29,10.6,1,0
101045,62,Stockholm,Standard,79,316.83,11.1,0,0
101046,81,Stockholm,Bas,102,115.45,16.8,1,0
101047,22,Väst,Standard,10,311.93,9.9,1,0
101048,57,Stockholm,Premium,89,456.58,49.0,1,0
101049,35,Syd,Standard,107,274.54,10.1,0,0
101050,41,Väst,Standard,7,316.14,4.2,1,1
101051,82,Mitt,Bas,29,111.88,4.7,3,1
101052,63,Stockholm,Bas,56,146.15,5.8,0,1
101053,48,Väst,Bas,105,157.79,26.0,0,0
101054,82,Stockholm,Standard,108,266.76,4.3,0,0
101055,45,Stockholm,Premium,42,507.71,12.6,3,1
101056,84,Mitt,Bas,114,174.52,11.7,1,0
101057,37,Väst,Standard,104,294.98,8.3,1,0
101058,37,Norr,Standard,36,294.02,16.7,0,1
101059,61,Stockholm,Bas,111,177.31,4.7,2,0
101060,81,Syd,Premium,16,465.57,19.2,1,1
101061,23,Väst,Standard,17,315.6,7.7,1,1
101062,67,Mitt,Standard,72,298.1,6.5,1,0
101063,46,Väst,Standard,14,312.42,3.0,2,1
101064,77,Väst,Standard,54,296.94,19.6,1,0
101065,71,Väst,Standard,93,271.23,6.1,1,0
101066,29,Stockholm,Premium,13,510.04,9.0,2,1
101067,63,Syd,Premium,86,508.59,13.8,2,0
101068,84,Väst,Standard,105,284.83,1.5,2,0
101069,28,Mitt,Standard,108,259.6,4.0,1,0
101070,69,Stockholm,Standard,93,304.59,16.8,0,0
101071,25,Mitt,Premium,57,506.52,10.5,1,0
101072,29,Norr,Bas,94,107.67,22.7,1,0
101073,35,Norr,Standard,14,270.29,4.1,2,1
101074,54,Mitt,Premium,67,441.4,3.7,1,0
101075,71,Syd,Bas,115,156.04,23.9,1,0
101076,25,Väst,Bas,81,153.39,2.8,1,0
101077,20,Stockholm,Standard,14,285.33,1.8,0,0
101078,67,Stockholm,Premium,73,514.93,11.1,2,1
101079,40,Syd,Standard,71,350.1,20.4,2,0
101080,58,Stockholm,Standard,52,284.17,14.4,1,1
101081,46,Stockholm,Bas,34,124.17,7.2,3,0
101082,57,Mitt,Premium,29,528.33,30.0,0,1
101083,40,Mitt,Standard,56,250.98,2.4,0,0
101084,75,Norr,Standard,25,242.84,1.3,2,0
101085,25,Stockholm,Standard,19,320.44,5.3,1,0
101086,70,Stockholm,Standard,10,294.96,6.6,1,1
101087,47,Stockholm,Premium,53,466.48,18.8,2,1
101088,24,Väst,Standard,43,285.59,6.3,2,1
101089,79,Mitt,Premium,62,496.97,23.8,1,0
101090,69,Stockholm,Bas,17,142.96,22.2,0,0
101091,28,Syd,Bas,100,159.0,8.6,1,0
101092,54,Väst,Premium,81,485.59,17.0,1,0
101093,28,Väst,Standard,74,254.04,15.8,0,0
101094,30,Stockholm,Bas,23,109.28,7.7,2,0
101095,38,Mitt,Bas,88,175.03,6.7,2,0
101096,41,Syd,Premium,84,482.13,20.2,1,0
101097,84,Stockholm,Premium,52,483.71,10.0,2,0
101098,52,Mitt,Standard,82,234.05,1.1,1,0
101099,46,Stockholm,Premium,29,462.96,35.9,1,0
101100,76,Mitt,Premium,68,500.12,38.1,0,0
101101,20,Stockholm,Bas,10,132.97,5.4,0,0
101102,77,Stockholm,Standard,58,300.62,29.7,0,0
101103,20,Norr,Standard,12,308.83,8.9,1,1
101104,24,Syd,Premium,29,486.08,21.0,1,0
101105,20,Mitt,Standard,5,361.37,16.3,0,0
101106,48,Stockholm,Standard,53,287.25,7.1,3,0
101107,84,Väst,Standard,88,315.6,3.6,0,0
101108,75,Stockholm,Standard,73,307.39,12.0,0,0
101109,22,Syd,Bas,28,193.47,1.6,1,0
101110,58,Väst,Bas,53,140.31,6.8,0,0
101111,81,Väst,Standard,107,283.61,4.3,2,0
101112,76,Stockholm,Premium,26,484.18,17.8,1,0
101113,37,Väst,Bas,88,158.77,13.4,1,0
101114,58,Norr,Standard,51,313.57,19.5,2,1
101115,41,Syd,Standard,0,279.85,6.4,1,1
101116,33,Stockholm,Standard,47,304.47,17.3,2,0
101117,77,Norr,Bas,75,108.47,6.1,2,0
101118,52,Stockholm,Bas,117,187.36,20.4,1,1
101119,50,Stockholm,Premium,103,527.28,5.8,3,0
101120,53,Syd,Bas,96,168.79,25.4,1,0
101121,32,Stockholm,Premium,116,495.9,38.7,1,0
101122,78,Stockholm,Bas,70,133.08,15.3,0,0
101123,58,Väst,Bas,1,161.57,7.1,0,0
101124,42,Väst,Standard,28,280.71,5.4,1,0
101125,58,Stockholm,Bas,98,111.78,16.6,0,0
101126,33,Syd,Standard,43,311.33,4.0,3,0
101127,51,Norr,Standard,96,303.09,21.1,1,0
101128,68,Väst,Bas,42,184.18,14.1,3,0
101129,74,Norr,Bas,26,128.91,46.2,2,0
101130,46,Mitt,Standard,43,321.9,13.9,1,0
101131,66,Syd,Premium,22,483.31,8.6,1,0
101132,50,Syd,Bas,17,149.59,9.8,2,0
101133,23,Väst,Standard,27,309.96,6.1,0,0
101134,84,Stockholm,Standard,117,302.14,0.8,0,0
101135,77,Syd,Bas,112,129.41,11.7,1,0
101136,63,Stockholm,Bas,91,169.68,5.2,0,0
101137,21,Stockholm,Standard,27,271.37,8.7,1,1
101138,63,Mitt,Premium,77,532.17,37.3,2,1
101139,34,Stockholm,Standard,87,249.55,7.5,0,0
101140,81,Mitt,Standard,41,323.96,11.3,1,0
101141,24,Stockholm,Standard,63,281.42,9.5,0,0
101142,66,Mitt,Bas,94,137.02,8.8,1,0
101143,44,Väst,Standard,94,254.99,29.2,2,1
101144,82,Väst,Standard,52,294.65,6.2,2,1
101145,71,Väst,Bas,49,153.98,42.0,2,0
101146,61,Syd,Standard,104,316.62,9.8,1,0
101147,53,Mitt,Standard,112,325.69,16.0,2,0
101148,57,Syd,Bas,105,145.1,7.4,1,0
101149,59,Syd,Premium,65,500.15,9.4,0,0
101150,37,Stockholm,Standard,18,308.58,17.6,1,0
101151,54,Stockholm,Standard,69,306.74,26.0,1,0
101152,33,Norr,Standard,27,333.41,26.8,2,0
101153,36,Mitt,Bas,104,154.62,24.9,0,0
101154,54,Stockholm,Standard,113,279.34,17.2,0,0
101155,61,Stockholm,Standard,69,313.84,14.9,0,0
101156,22,Norr,Bas,32,104.54,16.0,1,0
101157,84,Syd,Standard,17,268.31,1.9,0,0
101158,29,Syd,Standard,28,292.88,2.8,1,1
101159,55,Stockholm,Standard,107,296.94,2.8,1,0
101160,66,Väst,Premium,96,531.4,19.0,3,1
101161,36,Stockholm,Standard,93,301.52,11.2,0,0
101162,64,Mitt,Standard,8,293.84,10.2,1,0
101163,52,Stockholm,Standard,20,318.0,4.0,1,1
101164,19,Mitt,Standard,8,314.09,8.2,0,0
101165,77,Väst,Standard,84,314.85,6.5,1,0
101166,29,Väst,Standard,45,325.3,15.7,0,0
101167,26,Norr,Premium,31,518.32,12.2,1,0
101168,60,Norr,Standard,70,299.24,1.2,0,0
101169,30,Stockholm,Premium,11,486.05,30.5,0,0
101170,45,Mitt,Standard,42,266.6,17.1,0,0
101171,20,Norr,Standard,12,317.55,1.2,0,0
101172,58,Väst,Standard,28,302.57,8.8,0,0
101173,77,Mitt,Premium,5,521.13,21.7,3,0
101174,26,Väst,Premium,52,496.01,13.1,1,0
101175,56,Stockholm,Bas,26,160.11,24.1,0,0
101176,76,Stockholm,Bas,50,152.68,23.4,2,0
101177,32,Väst,Bas,18,112.39,6.6,2,0
101178,35,Syd,Bas,73,141.13,9.1,1,1
101179,49,Stockholm,Standard,32,247.43,53.6,0,0
101180,43,Stockholm,Bas,25,150.62,11.4,0,0
101181,23,Väst,Bas,59,224.74,20.5,1,0
101182,48,Mitt,Standard,15,327.1,3.9,2,0
101183,80,Mitt,Bas,111,183.86,11.3,0,0
101184,58,Mitt,Standard,55,293.11,18.3,1,0
101185,39,Stockholm,Premium,75,479.2,17.3,1,0
101186,84,Stockholm,Bas,104,139.23,5.4,0,0
101187,23,Väst,Bas,26,167.59,27.6,2,0
101188,32,Syd,Standard,70,272.56,3.5,0,0
101189,85,Stockholm,Bas,6,208.86,11.2,0,0
101190,29,Väst,Standard,118,286.42,14.9,0,0
101191,73,Väst,Standard,0,292.38,9.9,3,0
101192,27,Syd,Bas,101,179.77,5.2,0,0
101193,33,Syd,Standard,57,310.19,5.6,0,0
101194,70,Stockholm,Standard,94,321.16,9.6,4,0
101195,62,Stockholm,Standard,80,244.26,4.7,2,0
101196,44,Väst,Premium,84,491.23,69.1,0,0
101197,36,Norr,Bas,88,146.69,17.3,0,0
101198,81,Väst,Premium,26,499.81,49.6,1,0
101199,49,Väst,Standard,71,342.62,7.1,3,0
101200,22,Syd,Bas,11,133.27,18.4,1,1
101201,71,Norr,Premium,5,506.1,9.5,2,1
101202,54,Väst,Standard,36,342.38,14.8,1,1
101203,29,Stockholm,Bas,39,99.0,20.8,0,0
101204,69,Norr,Premium,117,464.14,5.1,1,0
101205,53,Väst,Standard,25,289.7,5.7,1,0
101206,52,Stockholm,Standard,3,276.46,15.6,3,0
101207,75,Stockholm,Standard,106,269.34,1.7,2,0
101208,45,Stockholm,Standard,59,305.14,34.5,1,0
101209,20,Stockholm,Standard,2,335.51,11.2,2,1
101210,73,Väst,Premium,26,467.43,14.8,2,0
101211,32,Väst,Premium,116,527.86,18.6,0,0
101212,52,Mitt,Bas,22,124.29,9.0,3,0
101213,47,Stockholm,Standard,46,285.27,11.1,1,0
101214,79,Mitt,Standard,107,324.88,5.2,0,0
101215,19,Mitt,Standard,12,316.02,12.1,3,1
101216,34,Mitt,Bas,117,149.79,22.2,4,0
101217,43,Väst,Bas,9,148.43,13.6,1,1
101218,58,Väst,Premium,4,497.12,10.0,0,0
101219,32,Stockholm,Standard,104,268.1,20.9,1,0
101220,61,Mitt,Bas,97,179.73,10.3,0,0
101221,30,Norr,Standard,32,313.28,9.7,1,0
101222,79,Norr,Standard,26,253.03,17.6,2,1
101223,81,Syd,Premium,3,524.83,8.0,1,1
101224,24,Stockholm,Standard,45,265.29,3.3,1,0
101225,59,Mitt,Bas,55,165.73,14.4,3,0
101226,72,Syd,Bas,107,115.28,5.5,1,0
101227,41,Syd,Bas,48,199.64,10.8,1,1
101228,64,Stockholm,Bas,65,179.93,21.9,2,0
101229,72,Stockholm,Standard,59,324.11,24.6,2,0
101230,76,Mitt,Bas,46,165.83,16.4,1,0
101231,57,Stockholm,Standard,48,267.41,9.1,1,1
101232,59,Mitt,Bas,60,121.91,7.0,0,0
101233,27,Mitt,Standard,104,332.98,14.9,1,0
101234,48,Syd,Standard,118,311.79,5.3,1,1
101235,67,Norr,Standard,46,310.78,21.4,1,0
101236,72,Mitt,Bas,79,128.36,10.0,1,0
101237,41,Norr,Standard,99,286.28,12.4,0,0
101238,37,Norr,Premium,8,490.07,35.7,1,0
101239,66,Norr,Standard,68,312.19,3.4,1,0
101240,21,Syd,Standard,33,329.41,4.1,1,0
101241,32,Syd,Premium,73,550.22,59.6,1,0
101242,68,Syd,Standard,74,299.28,14.4,3,1
101243,63,Stockholm,Premium,68,506.55,7.5,0,0
101244,73,Syd,Premium,44,480.85,45.5,0,0
101245,70,Syd,Standard,29,247.02,14.8,0,0
101246,74,Stockholm,Premium,77,515.4,6.6,0,0
101247,39,Stockholm,Bas,65,107.49,53.1,0,0
101248,48,Väst,Standard,91,286.66,4.8,2,0
101249,59,Mitt,Standard,18,301.12,8.5,0,0
101250,67,Väst,Standard,99,312.41,11.9,3,0
101251,43,Väst,Bas,22,146.56,9.3,3,0
101252,66,Stockholm,Premium,10,522.16,67.2,2,0
101253,30,Väst,Bas,70,175.17,4.0,1,0
101254,37,Stockholm,Bas,75,134.64,6.5,2,0
101255,63,Mitt,Standard,57,271.59,14.4,2,0
101256,70,Stockholm,Premium,15,509.59,29.2,3,1
101257,23,Mitt,Standard,26,304.52,6.4,3,1
101258,83,Stockholm,Standard,102,304.43,4.2,1,0
101259,71,Stockholm,Standard,4,312.82,12.7,2,1
101260,41,Norr,Premium,28,458.12,19.6,2,0
101261,62,Mitt,Bas,36,140.7,14.1,0,0
101262,36,Mitt,Standard,8,340.35,18.6,1,0
101263,25,Väst,Standard,58,286.68,4.4,1,0
101264,57,Syd,Premium,60,511.29,35.4,0,0
101265,78,Stockholm,Standard,65,281.49,4.4,0,0
101266,77,Stockholm,Bas,58,175.88,6.2,2,0
101267,23,Syd,Premium,33,502.29,44.9,1,1
101268,59,Stockholm,Premium,74,475.85,21.6,3,0
101269,23,Väst,Bas,3,190.48,6.8,1,0
101270,83,Väst,Bas,79,99.0,18.4,0,0
101271,46,Stockholm,Bas,104,125.28,13.9,1,0
101272,80,Syd,Standard,22,321.41,24.3,0,0
101273,52,Norr,Bas,25,121.72,13.0,0,0
101274,66,Mitt,Premium,9,466.75,44.0,3,0
101275,19,Syd,Standard,1,262.97,11.5,2,0
101276,66,Stockholm,Standard,26,285.67,12.5,2,1
101277,58,Stockholm,Standard,42,300.68,26.3,1,1
101278,30,Syd,Premium,43,464.8,10.3,0,0
101279,48,Syd,Premium,10,508.91,52.5,3,1
101280,41,Syd,Standard,94,311.01,7.0,1,0
101281,20,Norr,Bas,10,164.85,1.0,1,0
101282,73,Stockholm,Standard,72,270.93,16.7,3,0
101283,63,Väst,Standard,48,308.77,2.7,4,1
101284,45,Stockholm,Standard,49,274.75,9.7,1,0
101285,38,Väst,Bas,16,146.16,22.3,0,0
101286,33,Väst,Bas,53,153.83,8.0,0,0
101287,69,Väst,Standard,54,342.69,13.5,1,0
101288,22,Stockholm,Bas,15,177.29,18.0,1,0
101289,52,Väst,Standard,67,317.46,15.6,0,0
101290,33,Syd,Standard,7,336.59,9.1,0,1
101291,23,Stockholm,Bas,43,126.11,4.8,1,0
101292,57,Stockholm,Standard,14,280.57,20.3,3,1
101293,36,Väst,Standard,57,300.54,4.6,3,0
101294,80,Mitt,Premium,34,525.83,9.4,3,0
101295,66,Stockholm,Standard,56,314.86,26.4,2,0
101296,44,Stockholm,Premium,13,505.72,19.0,2,1
101297,84,Väst,Standard,86,338.05,14.1,2,0
101298,71,Väst,Bas,14,161.96,7.1,1,0
101299,51,Syd,Standard,84,302.82,24.1,1,0
101300,26,Norr,Standard,37,290.2,10.3,0,0
101301,23,Mitt,Standard,9,322.27,11.0,2,0
101302,73,Syd,Bas,1,125.27,15.1,1,1
101303,49,Stockholm,Standard,45,315.61,11.2,2,1
101304,81,Syd,Premium,86,517.56,11.1,6,0
101305,50,Stockholm,Standard,55,306.39,9.2,1,0
101306,52,Mitt,Standard,38,330.07,7.3,1,0
101307,74,Väst,Bas,91,194.58,4.6,0,0
101308,48,Mitt,Bas,20,126.9,51.2,2,0
101309,53,Stockholm,Premium,108,515.8,31.9,3,1
101310,79,Stockholm,Bas,10,131.29,3.6,1,1
101311,34,Väst,Standard,85,309.42,60.5,2,1
101312,33,Stockholm,Bas,73,140.85,1.2,0,0
101313,81,Stockholm,Standard,36,286.34,9.7,0,0
101314,80,Stockholm,Standard,86,292.98,11.7,4,1
101315,84,Syd,Standard,65,314.81,4.2,1,0
101316,80,Syd,Bas,97,153.96,13.2,1,0
101317,19,Stockholm,Standard,5,296.42,4.4,1,1
101318,83,Stockholm,Bas,64,180.41,24.8,1,0
101319,28,Norr,Premium,75,529.07,16.5,0,0
101320,78,Väst,Standard,8,304.18,19.2,2,0
101321,64,Väst,Bas,14,112.66,21.1,0,0
101322,53,Norr,Standard,16,239.47,9.2,0,0
101323,48,Mitt,Standard,80,291.75,10.4,0,0
101324,64,Norr,Standard,100,316.07,9.0,2,0
101325,62,Stockholm,Premium,34,472.51,21.4,1,1
101326,54,Stockholm,Bas,86,180.69,10.3,1,0
101327,23,Norr,Premium,15,477.27,45.6,1,1
101328,38,Syd,Bas,67,184.41,1.5,1,0
101329,30,Norr,Standard,93,332.19,11.4,2,0
101330,85,Mitt,Standard,76,320.63,4.1,1,0
101331,75,Väst,Standard,98,280.49,22.6,1,0
101332,19,Väst,Standard,0,340.2,8.1,2,1
101333,60,Väst,Premium,51,496.12,16.1,0,1
101334,35,Syd,Bas,105,146.2,22.4,0,0
101335,52,Syd,Standard,36,300.59,3.9,1,0
101336,81,Väst,Bas,102,114.79,8.9,3,0
101337,58,Stockholm,Bas,29,168.39,3.6,0,0
101338,82,Norr,Bas,63,180.73,3.4,1,0
101339,40,Stockholm,Standard,68,322.92,5.9,2,0
101340,36,Stockholm,Bas,51,142.7,12.1,1,0
101341,75,Norr,Standard,76,283.31,3.0,2,0
101342,85,Väst,Standard,3,286.43,23.4,1,0
101343,62,Norr,Standard,23,337.86,6.2,1,0
101344,73,Väst,Bas,86,176.99,18.1,1,0
101345,45,Syd,Bas,21,145.39,5.3,2,0
101346,70,Stockholm,Standard,56,286.48,2.7,2,0
101347,30,Väst,Premium,73,468.47,8.8,2,0
101348,56,Norr,Bas,107,141.97,4.4,2,0
101349,68,Stockholm,Standard,77,286.14,14.1,1,0
101350,44,Mitt,Bas,52,183.59,18.0,2,0
101351,36,Stockholm,Bas,111,108.76,7.8,2,0
101352,18,Norr,Standard,0,299.3,2.7,1,1
101353,49,Stockholm,Standard,111,339.6,5.9,1,0
101354,42,Väst,Bas,31,150.61,6.8,2,0
101355,62,Väst,Premium,54,491.59,21.0,0,0
101356,43,Syd,Premium,67,456.23,11.6,0,1
101357,66,Syd,Bas,93,173.85,11.4,1,0
101358,23,Väst,Premium,42,496.05,10.3,0,0
101359,85,Väst,Bas,15,131.2,10.8,0,0
101360,23,Stockholm,Standard,6,321.5,17.8,1,1
101361,42,Norr,Standard,79,297.77,2.6,1,1
101362,35,Väst,Standard,1,263.47,21.2,0,1
101363,72,Väst,Standard,14,310.37,16.5,2,0
101364,51,Syd,Standard,40,323.73,13.5,2,1
101365,69,Mitt,Premium,97,483.34,30.0,1,0
101366,70,Syd,Bas,33,195.53,4.1,2,0
101367,62,Mitt,Premium,46,472.09,38.6,1,1
101368,58,Norr,Premium,75,551.29,25.9,3,0
101369,52,Väst,Standard,105,290.4,38.5,1,0
101370,54,Stockholm,Standard,100,353.05,13.5,0,0
101371,70,Stockholm,Standard,76,304.5,6.4,0,0
101372,72,Stockholm,Bas,99,145.52,6.7,2,0
101373,49,Mitt,Bas,21,126.53,22.5,1,0
101374,75,Syd,Standard,34,288.3,15.4,2,0
101375,19,Väst,Bas,7,113.45,6.4,0,0
101376,47,Stockholm,Bas,17,132.77,12.4,1,0
101377,64,Stockholm,Bas,59,181.12,12.3,2,0
101378,59,Väst,Standard,115,280.4,5.9,1,0
101379,45,Stockholm,Standard,57,331.95,9.2,3,0
101380,80,Väst,Standard,8,295.78,6.9,1,0
101381,22,Syd,Bas,35,153.05,4.9,3,1
101382,23,Väst,Bas,29,152.63,7.0,0,0
101383,49,Stockholm,Bas,65,130.84,5.9,2,0
101384,59,Väst,Premium,86,525.45,13.7,0,1
101385,45,Mitt,Standard,20,288.7,1.1,0,0
101386,70,Väst,Premium,19,482.39,48.9,1,1
101387,61,Mitt,Bas,81,183.64,1.1,2,0
101388,47,Stockholm,Bas,42,137.2,13.1,2,0
101389,37,Väst,Standard,70,270.54,7.2,1,0
101390,68,Stockholm,Bas,109,136.72,5.0,0,0
101391,51,Väst,Bas,15,166.48,4.7,3,0
101392,75,Stockholm,Standard,93,289.29,4.7,2,0
101393,31,Syd,Standard,83,306.52,4.5,0,0
101394,69,Stockholm,Bas,94,166.49,8.7,2,0
101395,65,Väst,Premium,23,524.0,24.2,1,0
101396,54,Mitt,Standard,25,338.72,8.4,2,0
101397,82,Mitt,Premium,47,529.85,8.1,1,0
101398,67,Stockholm,Standard,113,307.98,6.7,0,0
101399,81,Syd,Bas,7,131.89,33.3,2,0
101400,66,Stockholm,Premium,20,497.2,9.2,0,1
101401,37,Stockholm,Standard,0,270.69,32.9,2,0
101402,44,Syd,Premium,38,486.01,44.3,1,0
101403,78,Mitt,Standard,26,320.48,16.0,1,0
101404,19,Väst,Bas,8,154.64,28.0,4,0
101405,80,Väst,Premium,59,486.44,9.5,1,0
101406,82,Väst,Bas,47,154.92,10.4,2,0
101407,75,Stockholm,Bas,24,126.21,11.1,2,0
101408,49,Syd,Standard,25,324.09,9.1,2,0
101409,64,Syd,Bas,55,147.99,4.4,1,0
101410,38,Stockholm,Standard,24,345.88,17.1,1,1
101411,30,Stockholm,Standard,30,271.95,15.6,2,0
101412,35,Väst,Premium,66,477.86,12.7,1,0
101413,78,Stockholm,Premium,71,487.29,5.8,0,0
101414,45,Mitt,Standard,88,304.19,2.8,1,0
101415,66,Syd,Premium,68,500.01,11.1,0,0
101416,57,Väst,Premium,79,497.17,14.1,1,0
101417,85,Stockholm,Standard,88,327.63,15.4,0,0
101418,53,Stockholm,Bas,12,164.54,7.1,1,0
101419,48,Väst,Bas,8,116.08,4.3,2,0
101420,43,Stockholm,Bas,71,149.17,4.2,3,0
101421,63,Väst,Standard,5,261.12,6.4,0,0
101422,23,Mitt,Premium,3,542.62,8.2,0,0
101423,83,Stockholm,Standard,20,281.53,3.2,1,0
101424,84,Väst,Standard,86,311.67,6.5,0,0
101425,24,Mitt,Premium,23,489.76,13.0,1,0
101426,19,Väst,Standard,0,288.33,2.4,1,0
101427,77,Väst,Standard,66,257.24,20.4,0,0
101428,80,Väst,Premium,30,491.78,26.4,3,1
101429,49,Norr,Standard,32,294.44,22.6,2,0
101430,20,Väst,Premium,16,508.27,12.4,4,1
101431,24,Stockholm,Premium,34,530.18,43.1,0,0
101432,52,Mitt,Bas,4,186.82,8.8,1,0
101433,82,Mitt,Premium,46,563.9,28.5,0,0
101434,71,Stockholm,Standard,44,253.26,2.4,0,0
101435,20,Väst,Bas,19,203.26,6.2,1,0
101436,63,Väst,Standard,13,312.11,11.9,0,0
101437,73,Syd,Standard,68,315.05,11.0,1,0
101438,65,Stockholm,Standard,2,294.29,14.0,0,0
101439,47,Mitt,Standard,107,300.41,29.8,1,0
101440,24,Stockholm,Standard,15,316.34,15.0,2,1
101441,67,Mitt,Standard,93,311.47,11.8,2,0
101442,76,Väst,Bas,85,127.8,17.1,2,0
101443,55,Väst,Standard,105,280.83,17.3,1,0
101444,62,Stockholm,Standard,45,277.83,5.7,1,1
101445,24,Stockholm,Bas,31,135.51,16.7,0,0
101446,82,Stockholm,Bas,100,119.29,3.8,0,0
101447,42,Väst,Standard,39,277.48,0.6,0,0
101448,85,Mitt,Premium,17,527.93,30.6,2,1
101449,28,Stockholm,Standard,74,318.7,12.5,1,0
101450,69,Mitt,Standard,34,290.11,5.3,0,0
101451,69,Väst,Standard,40,279.94,16.1,1,0
101452,72,Stockholm,Bas,62,112.34,6.0,0,0
101453,36,Stockholm,Standard,54,296.08,22.1,0,1
101454,83,Stockholm,Standard,87,251.62,10.9,1,0
101455,45,Stockholm,Standard,112,314.51,6.4,2,0
101456,66,Syd,Standard,100,300.12,9.8,1,0
101457,23,Norr,Standard,22,277.68,29.6,4,1
101458,59,Stockholm,Standard,84,262.12,3.4,0,0
101459,35,Stockholm,Standard,30,278.43,13.2,0,0
101460,53,Mitt,Bas,61,174.43,3.0,1,0
101461,68,Väst,Premium,21,517.3,24.4,0,1
101462,53,Norr,Premium,108,502.56,38.9,0,0
101463,22,Väst,Bas,14,157.66,10.6,2,0
101464,61,Väst,Standard,40,306.46,14.0,2,0
101465,42,Stockholm,Standard,107,316.3,2.9,1,0
101466,60,Stockholm,Bas,67,115.44,4.1,0,0
101467,64,Stockholm,Bas,90,152.59,13.4,4,0
101468,18,Stockholm,Premium,0,492.96,38.5,0,1
101469,36,Stockholm,Standard,7,309.69,19.4,0,0
101470,28,Väst,Standard,69,285.92,3.5,1,0
101471,65,Stockholm,Bas,111,142.84,17.5,0,0
101472,46,Väst,Premium,0,505.08,8.0,0,1
101473,24,Stockholm,Premium,36,517.22,42.6,0,1
101474,37,Väst,Standard,24,280.21,10.0,2,0
101475,82,Syd,Premium,56,511.84,12.6,2,0
101476,63,Väst,Premium,41,494.95,17.3,1,0
101477,44,Stockholm,Standard,26,277.67,24.1,3,0
101478,85,Väst,Standard,38,304.73,9.4,0,0
101479,63,Väst,Premium,61,482.96,31.0,0,1
101480,36,Stockholm,Standard,35,273.22,8.0,0,0
101481,28,Stockholm,Standard,28,340.36,10.7,1,0
101482,73,Mitt,Standard,15,309.22,7.4,1,0
101483,39,Stockholm,Standard,20,275.65,2.6,1,0
101484,43,Stockholm,Standard,83,320.1,8.8,1,0
101485,35,Stockholm,Standard,110,306.7,3.5,0,0
101486,67,Mitt,Standard,82,309.87,10.1,1,0
101487,27,Mitt,Bas,90,153.3,3.2,1,0
101488,24,Norr,Bas,12,119.35,42.1,4,0
101489,57,Norr,Standard,82,263.41,5.3,1,0
101490,60,Mitt,Standard,116,298.95,13.0,3,0
101491,61,Syd,Premium,114,463.75,11.3,1,0
101492,53,Mitt,Standard,1,287.68,5.2,1,0
101493,34,Stockholm,Bas,18,105.38,15.4,0,0
101494,74,Syd,Standard,42,286.82,31.6,2,0
101495,84,Stockholm,Bas,8,150.59,9.4,1,1
101496,26,Syd,Bas,94,142.55,9.6,1,0
101497,38,Stockholm,Standard,7,311.16,18.9,2,1
101498,53,Syd,Premium,57,500.77,17.7,0,1
101499,46,Stockholm,Standard,116,311.75,12.3,2,0
101500,76,Väst,Bas,114,156.89,21.7,2,0
101501,83,Stockholm,Premium,65,514.35,17.3,2,0
101502,65,Mitt,Standard,38,288.81,3.3,0,0
101503,45,Mitt,Bas,67,167.93,17.3,0,0
101504,28,Mitt,Standard,27,299.22,3.4,0,1
101505,68,Stockholm,Standard,10,304.71,49.6,1,1
101506,76,Stockholm,Bas,83,149.25,8.2,1,0
101507,83,Väst,Standard,16,290.73,11.7,2,1
101508,33,Stockholm,Standard,25,311.18,2.8,1,1
101509,60,Mitt,Premium,113,460.07,45.8,2,0
101510,23,Väst,Standard,1,271.96,11.0,0,0
101511,82,Mitt,Bas,90,107.4,12.9,0,0
101512,23,Syd,Standard,14,314.74,20.3,0,0
101513,71,Väst,Bas,71,138.32,3.3,0,0
101514,71,Stockholm,Bas,29,159.98,12.4,2,0
101515,49,Mitt,Bas,58,194.31,15.0,1,0
101516,75,Stockholm,Bas,64,166.79,11.5,0,0
101517,22,Mitt,Standard,42,245.66,11.6,0,0
101518,77,Syd,Premium,12,472.85,18.2,1,0
101519,42,Stockholm,Premium,85,524.56,15.5,0,0
101520,69,Väst,Bas,75,147.14,3.8,0,0
101521,26,Mitt,Standard,66,324.66,23.0,1,0
101522,78,Stockholm,Bas,112,196.93,29.5,1,0
101523,28,Mitt,Premium,88,480.05,20.7,2,0
101524,81,Stockholm,Standard,63,358.13,32.1,1,0
101525,38,Syd,Premium,6,495.97,25.4,1,1
101526,54,Stockholm,Premium,57,497.83,1.1,0,0
101527,64,Väst,Standard,114,319.42,5.0,0,0
101528,60,Norr,Standard,96,389.01,28.7,0,0
101529,55,Stockholm,Standard,51,299.72,7.2,3,0
101530,82,Mitt,Premium,73,542.33,12.9,1,0
101531,58,Mitt,Standard,97,325.56,4.4,0,0
101532,52,Mitt,Bas,97,152.93,6.2,1,0
101533,23,Väst,Standard,11,311.5,15.0,1,1
101534,34,Stockholm,Bas,19,128.04,22.2,3,0
101535,49,Stockholm,Bas,75,142.12,29.1,1,0
101536,81,Väst,Premium,112,465.88,15.5,1,0
101537,53,Stockholm,Standard,8,320.15,6.9,3,1
101538,21,Syd,Premium,20,472.65,28.8,1,0
101539,32,Stockholm,Bas,113,148.22,4.7,1,0
101540,57,Syd,Premium,58,459.93,34.6,1,0
101541,27,Väst,Standard,17,277.1,5.5,1,1
101542,81,Väst,Bas,50,107.14,11.2,1,0
101543,31,Stockholm,Premium,9,498.51,39.0,3,1
101544,68,Väst,Bas,100,129.1,21.9,0,0
101545,69,Väst,Bas,55,144.31,18.4,3,0
101546,59,Väst,Bas,80,179.34,6.3,0,0
101547,57,Norr,Premium,28,533.36,55.2,1,0
101548,51,Stockholm,Standard,89,256.98,9.4,0,0
101549,31,Väst,Premium,42,461.67,27.9,1,0
101550,36,Norr,Standard,83,313.72,3.0,1,0
101551,48,Stockholm,Premium,47,506.08,7.3,1,0
101552,56,Stockholm,Premium,105,511.01,75.5,2,1
101553,76,Stockholm,Standard,84,313.83,7.3,0,0
101554,68,Stockholm,Premium,10,526.77,42.3,2,1
101555,84,Väst,Premium,91,509.61,16.9,1,0
101556,56,Norr,Bas,35,160.77,10.4,0,0
101557,48,Norr,Standard,24,298.56,12.9,2,0
101558,70,Syd,Standard,68,272.76,12.9,1,0
101559,50,Väst,Bas,52,154.16,6.8,2,0
101560,83,Stockholm,Standard,46,313.88,5.1,2,0
101561,54,Väst,Bas,1,119.56,6.0,2,1
101562,61,Stockholm,Standard,97,345.54,15.0,0,0
101563,81,Väst,Bas,17,175.12,12.8,1,0
101564,66,Stockholm,Premium,7,454.17,20.0,2,0
101565,43,Stockholm,Bas,56,157.1,11.2,1,0
101566,75,Stockholm,Bas,9,138.65,8.9,0,1
101567,81,Stockholm,Premium,81,538.87,47.4,3,1
101568,55,Norr,Standard,48,325.45,13.7,0,0
101569,75,Väst,Bas,34,173.91,13.0,0,0
101570,37,Syd,Bas,17,154.7,14.0,1,1
101571,51,Syd,Standard,106,316.66,10.2,0,0
101572,71,Stockholm,Standard,98,325.11,9.2,1,0
101573,30,Mitt,Bas,15,115.53,19.0,1,0
101574,74,Norr,Premium,110,502.3,12.2,2,1
101575,80,Stockholm,Bas,101,146.71,12.5,1,0
101576,84,Mitt,Standard,18,300.48,2.8,1,0
101577,28,Stockholm,Bas,100,172.83,4.4,0,0
101578,19,Väst,Standard,8,287.91,1.4,0,1
101579,42,Mitt,Premium,37,466.26,40.5,2,0
101580,52,Väst,Bas,53,117.39,1.7,3,0
101581,53,Väst,Standard,85,317.74,11.8,0,1
101582,22,Norr,Standard,2,267.88,17.0,0,1
101583,63,Stockholm,Premium,31,486.46,15.7,2,1
101584,51,Väst,Standard,61,310.41,10.9,1,0
101585,41,Stockholm,Standard,17,276.92,7.6,2,0
101586,50,Stockholm,Bas,97,100.73,21.3,2,0
101587,56,Mitt,Bas,20,145.99,6.4,0,0
101588,32,Syd,Bas,10,153.12,14.9,0,0
101589,69,Stockholm,Bas,103,115.33,15.3,1,0
101590,85,Mitt,Standard,17,312.4,12.2,1,0
101591,42,Norr,Premium,95,469.21,3.9,0,0
101592,68,Mitt,Premium,68,452.65,32.5,2,0
101593,22,Väst,Bas,23,165.3,14.0,0,0
101594,44,Mitt,Standard,58,303.78,11.0,1,0
101595,55,Väst,Premium,99,501.89,12.6,2,0
101596,72,Syd,Bas,107,111.14,13.1,0,1
101597,39,Stockholm,Standard,70,247.47,17.5,2,0
101598,34,Stockholm,Standard,99,291.53,5.0,0,0
101599,76,Mitt,Premium,112,483.81,27.7,1,0
101600,37,Mitt,Standard,99,276.01,28.3,0,0
101601,32,Stockholm,Standard,69,296.65,10.8,1,0
101602,70,Väst,Premium,10,517.19,52.8,0,1
101603,24,Stockholm,Bas,18,120.87,9.3,0,0
101604,65,Väst,Bas,43,148.88,22.3,2,0
101605,49,Väst,Premium,6,493.09,17.4,1,0
101606,71,Stockholm,Standard,61,352.3,21.1,0,0
101607,76,Stockholm,Standard,29,285.88,14.7,0,0
101608,44,Stockholm,Standard,50,273.29,24.9,2,0
101609,34,Stockholm,Premium,22,501.09,5.4,3,0
101610,30,Stockholm,Premium,55,566.71,11.6,2,0
101611,67,Stockholm,Standard,36,272.19,3.1,1,0
101612,47,Mitt,Standard,63,278.24,7.2,0,0
101613,72,Syd,Bas,21,144.03,11.5,0,0
101614,68,Norr,Premium,114,469.58,13.2,1,0
101615,85,Norr,Bas,52,167.54,8.3,1,0
101616,75,Mitt,Standard,10,274.76,1.9,1,1
101617,80,Stockholm,Standard,50,302.36,23.7,1,0
101618,79,Stockholm,Bas,16,143.0,12.0,1,0
101619,79,Stockholm,Bas,71,172.28,5.2,3,0
101620,85,Väst,Standard,22,330.66,13.0,2,0
101621,43,Stockholm,Standard,106,307.98,25.5,0,0
101622,39,Mitt,Standard,3,278.99,5.7,1,1
101623,58,Stockholm,Standard,65,304.35,3.4,1,0
101624,74,Stockholm,Bas,40,136.92,9.7,0,0
101625,30,Stockholm,Bas,33,154.64,14.2,1,0
101626,85,Stockholm,Bas,109,138.96,7.7,2,0
101627,38,Stockholm,Bas,18,146.41,5.0,1,0
101628,37,Stockholm,Standard,106,285.13,10.5,2,0
101629,44,Mitt,Bas,56,153.42,6.4,1,0
101630,18,Stockholm,Premium,0,549.08,8.2,3,1
101631,44,Väst,Bas,24,189.04,2.3,1,0
101632,27,Syd,Bas,77,143.47,4.7,1,0
101633,72,Stockholm,Premium,73,506.37,10.8,1,0
101634,70,Stockholm,Bas,31,108.55,27.5,1,0
101635,61,Stockholm,Bas,114,167.95,1.1,1,0
101636,72,Stockholm,Bas,88,173.43,28.1,3,0
101637,29,Syd,Premium,99,460.79,32.1,5,0
101638,35,Mitt,Bas,5,117.38,12.1,1,0
101639,77,Stockholm,Bas,78,114.08,4.7,2,0
101640,81,Syd,Standard,69,295.15,5.9,1,0
101641,36,Väst,Standard,44,276.38,36.0,3,0
101642,34,Väst,Standard,17,313.94,28.4,2,0
101643,25,Stockholm,Bas,20,158.38,18.2,2,0
101644,67,Norr,Bas,110,113.15,3.4,2,0
101645,62,Stockholm,Standard,23,275.51,26.7,1,0
101646,30,Stockholm,Standard,7,290.18,1.0,0,1
101647,59,Mitt,Standard,12,291.07,47.0,2,1
101648,69,Stockholm,Bas,46,171.51,2.9,0,0
101649,38,Stockholm,Bas,8,163.52,5.8,2,0
101650,21,Väst,Standard,1,343.13,0.9,2,1
101651,32,Väst,Premium,10,444.28,7.8,0,0
101652,58,Mitt,Premium,65,566.31,20.3,1,0
101653,53,Väst,Standard,105,315.34,15.7,0,0
101654,41,Stockholm,Premium,114,493.82,19.2,0,0
101655,55,Stockholm,Premium,12,474.76,33.0,0,1
101656,62,Väst,Premium,64,517.93,22.1,2,1
101657,82,Stockholm,Bas,88,185.68,17.3,1,0
101658,78,Väst,Bas,4,167.59,0.4,2,0
101659,64,Syd,Standard,104,325.4,5.3,0,0
101660,39,Stockholm,Standard,112,299.96,15.5,1,0
101661,45,Väst,Standard,35,289.59,4.9,3,1
101662,82,Stockholm,Bas,115,129.26,10.2,1,0
101663,40,Stockholm,Premium,64,453.06,31.7,0,0
101664,48,Mitt,Standard,38,294.87,3.7,4,1
101665,85,Väst,Bas,18,177.22,8.0,1,0
101666,45,Stockholm,Bas,88,199.58,23.2,2,0
101667,71,Mitt,Standard,52,300.17,7.0,1,0
101668,31,Syd,Bas,32,110.19,11.9,1,0
101669,45,Stockholm,Standard,87,291.78,13.3,1,0
101670,21,Stockholm,Bas,23,160.47,14.0,1,0
101671,75,Stockholm,Bas,97,190.86,7.7,3,0
101672,22,Väst,Standard,17,304.71,2.8,2,1
101673,74,Stockholm,Standard,36,331.89,15.6,0,0
101674,75,Stockholm,Standard,15,317.01,9.2,0,0
101675,29,Stockholm,Standard,100,311.45,18.4,0,0
101676,18,Syd,Standard,0,308.95,8.5,1,0
101677,83,Stockholm,Bas,11,157.66,10.9,1,0
101678,62,Norr,Bas,5,143.72,8.3,3,0
101679,57,Stockholm,Premium,41,499.63,18.4,1,1
101680,59,Syd,Standard,24,287.51,13.0,0,1
101681,69,Mitt,Bas,44,168.97,21.0,3,0
101682,57,Mitt,Standard,67,263.74,21.4,2,0
101683,69,Norr,Bas,46,128.78,12.6,1,0
101684,49,Syd,Standard,38,322.13,5.1,6,1
101685,19,Stockholm,Bas,6,126.64,9.5,1,1
101686,22,Väst,Premium,37,510.24,17.0,5,1
101687,69,Syd,Bas,78,139.92,9.9,0,0
101688,31,Väst,Bas,89,115.74,7.5,1,0
101689,24,Väst,Standard,70,300.15,18.6,0,0
101690,65,Stockholm,Standard,90,332.7,4.5,2,0
101691,28,Norr,Standard,30,293.17,6.1,0,1
101692,78,Stockholm,Standard,114,319.14,24.2,1,0
101693,39,Norr,Standard,79,321.44,30.7,0,0
101694,50,Väst,Standard,86,265.07,2.1,1,1
101695,47,Väst,Standard,106,320.41,28.0,1,0
101696,44,Väst,Standard,110,285.96,3.6,0,0
101697,59,Stockholm,Standard,49,324.68,8.3,1,0
101698,74,Väst,Standard,16,291.79,2.8,2,0
101699,34,Stockholm,Bas,78,166.82,15.0,0,0
101700,20,Norr,Premium,19,578.08,29.1,1,0
101701,67,Syd,Standard,26,286.78,7.0,1,0
101702,58,Mitt,Bas,35,121.23,0.5,0,0
101703,48,Norr,Standard,8,303.09,10.4,0,0
101704,84,Stockholm,Standard,56,318.68,9.8,1,0
101705,40,Mitt,Standard,119,339.92,2.5,4,0
101706,47,Stockholm,Bas,16,186.83,18.0,0,0
101707,76,Väst,Bas,101,143.77,8.2,1,0
101708,38,Stockholm,Standard,73,289.98,22.3,1,0
101709,85,Mitt,Standard,48,267.78,11.7,1,0
101710,43,Stockholm,Standard,96,279.36,2.8,3,1
101711,67,Mitt,Premium,118,498.98,7.5,1,0
101712,57,Stockholm,Standard,113,327.32,11.1,0,0
101713,70,Syd,Bas,81,187.35,10.5,1,0
101714,77,Mitt,Bas,36,126.8,10.6,0,0
101715,28,Väst,Premium,119,483.76,49.4,1,0
101716,67,Syd,Bas,84,153.23,12.4,1,0
101717,46,Syd,Premium,114,509.69,82.5,2,0
101718,41,Norr,Bas,18,163.29,11.4,2,1
101719,70,Norr,Standard,84,263.64,12.7,1,1
101720,44,Mitt,Standard,116,270.04,20.5,0,0
101721,29,Stockholm,Standard,5,322.06,31.7,1,1
101722,61,Stockholm,Bas,58,179.11,4.1,2,1
101723,82,Väst,Standard,2,283.39,9.2,1,0
101724,60,Norr,Standard,28,301.6,1.7,1,0
101725,39,Stockholm,Bas,33,169.93,21.7,1,0
101726,25,Väst,Bas,53,157.79,15.2,2,0
101727,35,Väst,Standard,63,275.13,7.7,3,1
101728,57,Stockholm,Bas,74,155.66,11.1,1,1
101729,36,Mitt,Standard,49,271.63,37.4,0,0
101730,68,Stockholm,Standard,69,311.51,8.0,3,1
101731,43,Mitt,Standard,32,291.53,20.5,1,0
101732,26,Mitt,Bas,44,130.8,12.2,2,0
101733,62,Väst,Standard,108,300.46,11.7,2,0
101734,70,Norr,Bas,51,131.67,2.0,2,1
101735,78,Väst,Bas,119,120.6,5.2,2,0
101736,28,Mitt,Standard,92,313.92,0.9,0,1
101737,72,Mitt,Bas,109,131.92,12.7,2,0
101738,23,Norr,Bas,39,181.66,30.2,0,0
101739,81,Stockholm,Bas,103,176.97,1.8,0,0
101740,55,Stockholm,Standard,60,320.05,27.9,4,0
101741,29,Stockholm,Bas,53,114.94,9.8,3,0
101742,71,Syd,Premium,37,514.08,12.3,1,0
101743,73,Väst,Standard,102,276.93,3.4,1,0
101744,59,Stockholm,Standard,30,324.38,34.9,0,0
101745,48,Stockholm,Standard,107,273.47,20.6,1,0
101746,59,Mitt,Bas,100,142.4,8.7,0,0
101747,69,Väst,Standard,93,316.15,16.3,0,0
101748,24,Stockholm,Bas,16,136.23,2.8,1,0
101749,18,Väst,Standard,0,289.07,2.8,0,0
101750,57,Norr,Premium,70,502.3,17.7,0,0
101751,74,Syd,Premium,64,494.91,22.9,1,1
101752,53,Syd,Bas,95,155.22,8.2,0,0
101753,19,Väst,Standard,0,304.52,17.5,1,1
101754,18,Norr,Standard,0,267.32,2.7,1,0
101755,59,Stockholm,Standard,59,358.72,6.4,1,0
101756,70,Stockholm,Standard,17,327.9,24.9,2,1
101757,54,Stockholm,Bas,98,161.95,6.6,1,0
101758,32,Mitt,Standard,49,281.77,18.1,1,0
101759,35,Mitt,Bas,4,173.67,18.8,1,0
101760,49,Stockholm,Standard,32,287.76,8.0,0,0
101761,27,Syd,Bas,104,151.17,14.3,0,0
101762,49,Väst,Bas,28,144.12,5.8,1,1
101763,28,Väst,Standard,60,304.51,17.3,1,1
101764,64,Norr,Premium,14,542.18,28.5,1,1
101765,67,Stockholm,Premium,11,489.4,7.0,1,1
101766,76,Syd,Standard,98,332.82,2.4,0,0
101767,31,Mitt,Bas,81,161.53,14.2,1,0
101768,71,Norr,Standard,77,278.32,8.5,1,0
101769,74,Stockholm,Standard,118,357.0,26.7,2,0
101770,32,Stockholm,Standard,86,318.3,19.8,1,0
101771,78,Syd,Standard,22,263.2,4.5,1,0
101772,33,Syd,Standard,68,291.19,2.8,2,1
101773,37,Norr,Premium,84,477.89,8.3,0,0
101774,47,Väst,Bas,52,128.73,18.5,0,0
101775,73,Stockholm,Premium,117,479.26,12.1,1,0
101776,42,Väst,Bas,113,150.73,15.8,1,0
101777,72,Syd,Standard,67,303.64,8.6,2,0
101778,66,Väst,Premium,39,517.58,4.6,0,0
101779,57,Stockholm,Premium,80,500.84,10.7,3,0
101780,55,Norr,Bas,57,150.74,15.2,0,0
101781,51,Syd,Premium,29,536.09,1.9,1,0
101782,48,Syd,Standard,58,283.07,18.6,0,0
101783,38,Väst,Bas,96,161.85,21.0,2,0
101784,59,Syd,Bas,79,175.22,17.1,2,0
101785,21,Stockholm,Standard,22,325.62,10.3,2,1
101786,43,Stockholm,Bas,25,130.82,9.6,1,1
101787,48,Syd,Bas,102,139.24,8.6,2,0
101788,76,Stockholm,Premium,30,497.69,8.5,0,0
101789,78,Stockholm,Bas,26,166.77,0.7,1,0
101790,68,Stockholm,Premium,88,526.53,17.3,0,0
101791,30,Mitt,Standard,89,296.33,4.9,2,0
101792,72,Stockholm,Bas,20,185.97,14.9,1,1
101793,71,Väst,Premium,98,514.82,16.8,2,0
101794,85,Väst,Bas,86,132.06,17.3,1,0
101795,59,Norr,Bas,42,172.37,2.9,1,0
101796,64,Stockholm,Premium,19,456.51,4.5,1,0
101797,39,Väst,Standard,23,296.34,3.5,0,1
101798,62,Väst,Standard,54,251.1,0.9,0,0
101799,52,Stockholm,Standard,44,302.7,1.6,1,1
101800,70,Väst,Standard,18,325.86,10.2,3,0
101801,22,Väst,Bas,25,167.29,29.4,4,0
101802,61,Stockholm,Bas,36,99.0,11.7,1,0
101803,58,Stockholm,Standard,95,307.17,22.0,1,0
101804,82,Mitt,Standard,100,315.61,5.6,0,0
101805,85,Norr,Standard,94,319.79,12.5,3,0
101806,45,Mitt,Standard,3,315.99,5.2,1,0
101807,53,Stockholm,Standard,12,319.64,6.6,0,0
101808,43,Väst,Premium,58,465.06,28.1,0,0
101809,21,Syd,Bas,13,148.18,10.5,3,0
101810,23,Syd,Bas,37,134.02,20.4,1,0
101811,24,Norr,Premium,41,497.97,9.4,1,1
101812,82,Syd,Standard,68,305.81,26.2,0,1
101813,46,Mitt,Standard,34,278.67,14.9,0,0
101814,23,Norr,Bas,11,137.35,4.7,1,0
101815,36,Stockholm,Standard,50,313.74,27.9,0,1
101816,79,Stockholm,Standard,14,285.91,6.1,0,1
101817,68,Väst,Standard,92,288.95,6.6,0,0
101818,42,Stockholm,Standard,13,301.36,6.2,4,0
101819,41,Stockholm,Bas,50,181.67,27.9,2,0
101820,85,Stockholm,Bas,43,141.29,3.8,2,0
101821,46,Syd,Standard,25,260.89,9.5,2,0
101822,26,Stockholm,Bas,31,126.33,20.9,1,0
101823,63,Väst,Premium,85,502.93,19.7,1,0
101824,34,Väst,Standard,55,257.55,6.7,3,1
101825,61,Stockholm,Bas,41,128.63,13.7,0,0
101826,71,Väst,Bas,98,128.18,9.0,1,0
101827,56,Stockholm,Premium,54,547.5,10.9,1,0
101828,44,Väst,Bas,1,168.85,20.9,2,0
101829,59,Stockholm,Premium,60,479.53,13.4,0,0
101830,47,Stockholm,Standard,111,276.48,6.8,1,0
101831,59,Mitt,Premium,60,468.58,21.9,1,0
101832,31,Stockholm,Standard,5,301.34,24.9,1,1
101833,69,Syd,Bas,89,147.73,3.0,0,0
101834,28,Stockholm,Standard,71,263.72,3.0,1,0
101835,37,Väst,Standard,16,307.66,14.5,1,1
101836,76,Stockholm,Bas,74,176.03,4.6,2,0
101837,54,Väst,Bas,81,161.99,15.3,4,0
101838,58,Stockholm,Bas,99,149.72,3.6,2,0
101839,64,Stockholm,Premium,50,533.52,9.8,0,0
101840,71,Syd,Bas,108,157.28,11.2,1,0
101841,23,Väst,Bas,29,155.84,4.1,1,1
101842,42,Stockholm,Premium,86,517.78,15.0,3,0
101843,67,Stockholm,Premium,102,464.36,29.3,0,0
101844,51,Stockholm,Standard,114,336.92,5.6,2,0
101845,49,Väst,Bas,92,153.45,2.6,1,0
101846,80,Stockholm,Standard,110,297.51,14.6,1,0
101847,83,Väst,Premium,21,516.74,24.7,2,1
101848,79,Syd,Standard,35,272.91,2.5,1,0
101849,21,Väst,Premium,18,478.31,7.2,0,1
101850,58,Mitt,Standard,88,309.57,7.9,1,0
101851,27,Stockholm,Premium,40,512.01,70.9,1,1
101852,64,Stockholm,Bas,93,116.31,23.0,1,0
101853,34,Stockholm,Standard,13,295.08,22.1,0,1
101854,23,Mitt,Premium,39,476.84,18.2,0,0
101855,62,Väst,Premium,22,489.08,29.1,2,0
101856,41,Stockholm,Standard,58,273.68,15.6,0,0
101857,81,Mitt,Standard,117,318.1,6.7,1,0
101858,56,Syd,Standard,30,304.2,3.1,2,0
101859,24,Norr,Standard,41,273.73,15.5,0,1
101860,48,Syd,Bas,119,159.33,1.6,1,0
101861,74,Mitt,Standard,85,298.83,5.1,1,0
101862,38,Stockholm,Standard,0,297.73,13.3,1,0
101863,63,Stockholm,Standard,42,263.51,18.5,1,0
101864,65,Väst,Bas,107,120.95,6.3,3,0
101865,37,Syd,Standard,4,292.32,27.7,1,1
101866,34,Stockholm,Standard,19,276.0,7.2,1,0
101867,68,Väst,Standard,103,287.39,3.2,1,0
101868,79,Norr,Bas,111,162.03,2.5,2,0
101869,45,Norr,Premium,33,516.32,39.1,0,0
101870,32,Stockholm,Standard,1,295.17,5.8,2,0
101871,53,Stockholm,Standard,2,289.48,5.9,1,0
101872,66,Stockholm,Bas,87,103.57,14.7,0,0
101873,58,Stockholm,Premium,46,496.41,30.1,0,0
101874,51,Väst,Standard,12,286.72,5.3,1,0
101875,31,Mitt,Bas,29,138.5,5.4,0,0
101876,67,Stockholm,Bas,35,163.33,6.6,0,0
101877,56,Stockholm,Standard,114,265.91,11.0,2,0
101878,45,Syd,Standard,99,315.35,5.2,1,0
101879,63,Mitt,Premium,66,473.1,30.7,1,0
101880,42,Norr,Bas,84,112.58,7.2,0,0
101881,29,Mitt,Premium,111,475.73,5.3,1,0
101882,61,Väst,Bas,65,121.04,10.7,1,0
101883,36,Mitt,Premium,54,495.61,5.6,1,1
101884,83,Stockholm,Bas,27,192.92,6.4,1,0
101885,40,Väst,Standard,13,339.49,8.4,0,0
101886,64,Stockholm,Standard,7,290.65,7.1,0,1
101887,31,Väst,Bas,65,143.39,3.3,3,1
101888,19,Syd,Premium,9,530.14,39.1,1,0
101889,84,Stockholm,Standard,61,322.67,6.5,3,0
101890,20,Stockholm,Premium,16,477.72,3.5,3,1
101891,18,Stockholm,Bas,0,161.63,4.6,3,1
101892,32,Stockholm,Bas,82,156.22,7.3,1,0
101893,23,Syd,Standard,56,326.17,17.1,0,1
101894,42,Syd,Bas,66,212.57,13.3,2,0
101895,69,Stockholm,Standard,62,295.35,1.8,0,0
101896,28,Väst,Bas,13,166.85,8.1,1,0
101897,85,Norr,Standard,85,300.54,1.4,2,0
101898,82,Väst,Standard,119,303.65,22.0,2,0
101899,44,Mitt,Standard,23,278.49,15.9,0,0
101900,36,Stockholm,Premium,24,491.05,30.3,1,1
101901,24,Syd,Premium,34,511.37,27.5,1,0
101902,49,Mitt,Bas,104,128.0,5.2,1,0
101903,56,Väst,Bas,110,158.27,26.5,1,0
101904,27,Norr,Premium,91,505.97,16.2,4,0
101905,83,Väst,Standard,6,293.97,7.7,1,1
101906,38,Norr,Standard,56,349.63,3.0,3,0
101907,59,Norr,Standard,26,323.09,6.4,2,1
101908,55,Norr,Bas,110,168.52,20.1,2,0
101909,64,Väst,Standard,62,325.88,1.9,0,0
101910,46,Stockholm,Standard,19,302.17,13.6,3,0
101911,76,Mitt,Standard,99,289.74,11.8,1,0
101912,24,Väst,Standard,39,313.57,3.3,1,0
101913,62,Väst,Bas,98,157.07,7.3,1,0
101914,68,Norr,Standard,90,318.04,8.3,0,0
101915,70,Stockholm,Standard,0,303.82,24.6,1,1
101916,83,Stockholm,Premium,67,493.77,9.7,1,0
101917,80,Syd,Bas,38,137.76,4.7,1,0
101918,34,Syd,Standard,21,270.16,9.9,1,0
101919,43,Stockholm,Bas,28,120.18,14.0,0,0
101920,33,Stockholm,Standard,92,329.68,14.2,1,0
101921,25,Stockholm,Bas,78,150.17,11.7,1,0
101922,69,Mitt,Premium,111,505.73,61.3,3,0
101923,80,Väst,Bas,92,131.53,8.7,1,0
101924,48,Väst,Bas,77,134.24,12.3,1,0
101925,79,Norr,Standard,4,310.95,2.4,1,1
101926,20,Väst,Bas,12,153.28,2.0,1,1
101927,69,Syd,Standard,51,335.08,8.0,1,0
101928,21,Stockholm,Premium,26,442.96,9.2,1,0
101929,61,Stockholm,Standard,58,302.06,3.6,0,0
101930,84,Mitt,Premium,17,506.81,17.2,0,0
101931,44,Väst,Bas,70,135.8,4.2,2,0
101932,67,Mitt,Standard,8,314.13,19.5,0,0
101933,71,Syd,Bas,21,139.3,14.1,0,0
101934,53,Stockholm,Standard,33,299.2,8.0,0,1
101935,46,Mitt,Bas,112,192.52,12.0,0,0
101936,28,Syd,Bas,4,121.23,18.4,0,0
101937,65,Syd,Standard,118,310.17,8.0,3,0
101938,79,Stockholm,Premium,101,485.17,12.9,2,0
101939,43,Mitt,Bas,111,117.69,1.3,1,0
101940,43,Väst,Bas,88,158.98,3.3,0,0
101941,30,Väst,Bas,57,99.0,12.8,0,0
101942,40,Väst,Bas,95,157.43,33.5,3,0
101943,60,Väst,Bas,119,110.17,0.8,2,0
101944,71,Stockholm,Standard,92,294.92,18.4,2,0
101945,81,Stockholm,Premium,3,478.63,4.2,1,0
101946,73,Stockholm,Premium,52,519.14,24.8,1,1
101947,52,Mitt,Standard,110,300.42,12.8,1,0
101948,19,Stockholm,Premium,4,506.64,44.9,2,0
101949,31,Väst,Standard,6,261.75,17.9,1,0
101950,55,Syd,Standard,68,326.69,27.0,0,0
101951,60,Syd,Premium,0,479.42,2.4,1,0
101952,41,Mitt,Premium,55,529.87,32.5,2,0
101953,57,Väst,Standard,29,272.52,30.0,0,1
101954,83,Mitt,Bas,70,175.23,14.6,1,0
101955,68,Syd,Standard,36,319.09,20.5,1,0
101956,39,Stockholm,Bas,65,175.55,5.6,1,0
101957,84,Stockholm,Premium,88,472.56,18.1,1,0
101958,38,Mitt,Standard,9,287.81,6.2,1,1
101959,27,Stockholm,Standard,27,298.5,18.6,1,0
101960,62,Syd,Bas,10,164.39,11.3,1,0
101961,67,Syd,Standard,116,345.7,5.9,0,0
101962,79,Stockholm,Premium,15,493.21,22.2,2,1
101963,24,Norr,Premium,68,497.21,38.4,0,0
101964,61,Väst,Standard,1,288.9,8.9,1,1
101965,83,Väst,Premium,58,527.23,40.6,0,0
101966,56,Syd,Standard,83,281.88,19.9,1,0
101967,76,Väst,Standard,10,279.63,4.8,2,1
101968,26,Syd,Standard,16,315.53,9.0,2,1
101969,18,Väst,Standard,0,290.63,5.6,0,1
101970,35,Stockholm,Bas,27,194.17,1.5,1,0
101971,79,Syd,Bas,14,149.9,12.0,2,0
101972,72,Stockholm,Bas,82,99.0,12.0,0,0
101973,67,Stockholm,Standard,2,287.14,14.3,0,1
101974,27,Väst,Bas,43,105.06,13.9,1,0
101975,81,Väst,Standard,19,293.45,0.7,2,0
101976,81,Väst,Premium,55,488.79,7.0,2,0
101977,43,Stockholm,Standard,106,291.1,7.3,1,0
101978,82,Mitt,Standard,35,258.35,3.5,3,1
101979,34,Väst,Premium,47,509.01,6.4,2,0
101980,61,Väst,Standard,39,269.51,15.2,0,1
101981,52,Mitt,Premium,49,547.56,49.0,1,0
101982,38,Väst,Premium,51,532.72,18.1,2,1
101983,31,Mitt,Bas,114,111.68,14.8,1,0
101984,80,Stockholm,Standard,92,303.87,18.1,1,0
101985,75,Stockholm,Premium,105,492.08,36.4,1,0
101986,72,Mitt,Standard,83,316.91,9.3,1,0
101987,42,Stockholm,Bas,28,148.09,2.4,0,0
101988,68,Stockholm,Standard,103,304.7,11.7,1,0
101989,82,Väst,Standard,40,271.11,9.3,1,1
101990,27,Norr,Bas,100,112.6,2.4,0,0
101991,70,Stockholm,Standard,24,252.58,14.4,4,1
101992,59,Norr,Bas,110,169.53,6.7,1,0
101993,50,Väst,Standard,24,307.34,39.0,0,0
101994,73,Syd,Standard,96,310.1,8.9,2,0
101995,58,Stockholm,Standard,109,293.83,17.8,2,0
101996,33,Syd,Bas,69,151.35,7.7,1,0
101997,64,Väst,Standard,81,276.59,2.5,1,0
101998,35,Väst,Premium,4,509.7,15.7,3,0
101999,42,Stockholm,Standard,47,271.86,5.6,3,1
102000,48,Syd,Premium,52,488.53,28.9,1,0
